URL,Lần thu thập dữ liệu cuối cùng
https://coincu.com/news/dwf-invests-in-airdao-on-binances-risk-watchlist/,2026-05-10
https://coincu.com/doj-epstein-documents-release/,2026-05-10
https://coincu.com/news/doj-epstein-documents-release/,2026-05-10
https://coincu.com/agentlisa-funding-ai-security/,2026-05-10
https://coincu.com/blockchain/agentlisa-funding-ai-security/,2026-05-10
https://coincu.com/spot-solana-etf-delayed/,2026-05-10
https://coincu.com/airdrop/binance-alpha-mplx-airdrop-event/,2026-05-10
https://coincu.com/vaneck-onchain-economy-etf-launch/,2026-05-10
https://coincu.com/top-crypto-coins/movr-price-update,2026-05-10
https://coincu.com/news/upbit-will-list-glmr-trading-pairs/,2026-05-10
https://coincu.com/upbit-will-list-glmr-trading-pairs/,2026-05-10
https://coincu.com/qf-network-confirms-q4-2025-mainnet-launch-to-redefine-layer-1-blockchain-performance/,2026-05-10
https://coincu.com/blockchain-event/digital-assets-forum/,2026-05-09
https://coincu.com/digital-assets-forum/,2026-05-09
https://coincu.com/europol-crypto-fraud-network-busted/,2026-05-09
https://coincu.com/136041-ftx-4-victims-stealing-api-keys/,2026-05-09
https://coincu.com/ftx-4-victims-stealing-api-keys/,2026-05-09
https://coincu.com/news/china-digital-rmb-crypto-legislation/,2026-05-09
https://coincu.com/news/pippin-token-insider-control/,2026-05-09
https://coincu.com/fed-2026-voting-member-rotation/,2026-05-09
https://coincu.com/news/sec-delays-solana-etf-decision/?noamp=mobile,2026-05-09
https://coincu.com/sec-delays-solana-etf-decision/?noamp=mobile,2026-05-09
https://coincu.com/analysis/solana-cup-and-handle-breakout-signals-major-move-toward-1-30-target/,2026-05-09
https://coincu.com/solana-cup-and-handle-breakout-signals-major-move-toward-1-30-target/,2026-05-09
https://coincu.com/circle-bridge-kit-usdc-launch/,2026-05-09
https://coincu.com/us-judge-approves-aave-transfer-71m-eth-north-korea-hack/,2026-05-09
https://coincu.com/mybookie-review-bet-on-anything-anywhere-anytime/,2026-05-09
https://coincu.com/thanksgiving-crypto-impact-stability/,2026-05-09
https://coincu.com/polymarket-growth-over-profit/,2026-05-09
https://coincu.com/belarus-plans-to-ban-crypto-trading-individuals/,2026-05-09
https://coincu.com/news/belarus-plans-to-ban-crypto-trading-individuals/,2026-05-09
https://coincu.com/what-is-delegated-proof-of-stake/,2026-05-09
https://coincu.com/ethereum-treasury-plan-shelved/,2026-05-09
https://coincu.com/markets/ethereum-treasury-plan-shelved/,2026-05-09
https://coincu.com/bingx-and-chelsea-fc-unveil-25-26-training-kit-with-trained-on-greatness-campaign/,2026-05-09
https://coincu.com/news/us-doj-seizes-bitcoin-china/,2026-05-09
https://coincu.com/us-doj-seizes-bitcoin-china/,2026-05-09
https://coincu.com/scamsniffer-april-phishing-losses/,2026-05-09
https://coincu.com/ada-breakdown-looms/,2026-05-09
https://coincu.com/analysis/ada-breakdown-looms/,2026-05-09
https://coincu.com/top-crypto-coins/aura-price-update,2026-05-09
https://coincu.com/btc-long-liquidations-major-cexs-993m-below-76399/,2026-05-09
https://coincu.com/top-crypto-coins/deep-price-update,2026-05-09
https://coincu.com/wasabi-protocol-no-final-user-compensation-plan-security-response/,2026-05-09
https://coincu.com/bitcoin-etf-inflows-rebound-market-volatility/,2026-05-09
https://coincu.com/kazakhstan-considers-crypto-reserves/,2026-05-09
https://coincu.com/news/sec-do-kwons-testimony-terra-lawsuit/,2026-05-09
https://coincu.com/sec-do-kwons-testimony-terra-lawsuit/,2026-05-09
https://coincu.com/avax-price-prediction-can-avax-hit-its-all-time-high-or-is-blockchainfx-the-best-crypto-to-buy-for-50x-gains/,2026-05-09
https://coincu.com/circle-okx-usdc-partnership/,2026-05-09
