Address,Status Code,Indexability
https://coincu.com/t/gambling/,200,Non-Indexable
https://coincu.com/t/bons-casino/,200,Non-Indexable
https://coincu.com/t/hell-spin/,200,Non-Indexable
https://coincu.com/t/top-bitcoin-gambling-sites/,200,Non-Indexable
https://coincu.com/t/betflip/,200,Non-Indexable
https://coincu.com/t/jackbit/,200,Non-Indexable
https://coincu.com/t/bitslot/,200,Non-Indexable
https://coincu.com/t/1xbit/,200,Non-Indexable
https://coincu.com/t/bitcoin-etf-update/,200,Non-Indexable
https://coincu.com/t/bitcoin-etf-approval/,200,Non-Indexable
https://coincu.com/t/spot-bitcoin-etf/,200,Non-Indexable
https://coincu.com/t/bitcoin-etf/,200,Non-Indexable
https://coincu.com/t/spot-bitcoin-etfs/,200,Non-Indexable
https://coincu.com/t/bitcoin-etf-spot/,200,Non-Indexable
https://coincu.com/t/bitcoin-etf-applications/,200,Non-Indexable
https://coincu.com/t/bitcoin/,200,Non-Indexable
https://coincu.com/t/mega-dice/,200,Non-Indexable
https://coincu.com/t/bitstarz/,200,Non-Indexable
https://coincu.com/t/bovada/,200,Non-Indexable
https://coincu.com/t/casino/,200,Non-Indexable
https://coincu.com/t/mirax/,200,Non-Indexable
https://coincu.com/t/heybets/,200,Non-Indexable
https://coincu.com/t/thena/,200,Non-Indexable
https://coincu.com/t/thena-review/,200,Non-Indexable
https://coincu.com/t/bnb-chain/,200,Non-Indexable
https://coincu.com/t/amm/,200,Non-Indexable
https://coincu.com/t/bnb-chain-ecosystem/,200,Non-Indexable
https://coincu.com/t/amm-model/,200,Non-Indexable
https://coincu.com/t/cryptocurrency-markets/,200,Non-Indexable
https://coincu.com/t/web3-analytics/,200,Non-Indexable
https://coincu.com/t/ai-insights/,200,Non-Indexable
https://coincu.com/t/cloudbet/,200,Non-Indexable
https://coincu.com/t/betpanda/,200,Non-Indexable
https://coincu.com/t/7bit-casino/,200,Non-Indexable
https://coincu.com/t/crash-gambling-site/,200,Non-Indexable
https://coincu.com/t/lucky-block/,200,Non-Indexable
https://coincu.com/t/bc-game/,200,Non-Indexable
https://coincu.com/t/blockchain/,200,Non-Indexable
https://coincu.com/t/airdrop-2/,200,Non-Indexable
https://coincu.com/t/crypto/,200,Non-Indexable
https://coincu.com/t/innovative-gaming/,200,Non-Indexable
https://coincu.com/t/suiplay0x1/,200,Non-Indexable
https://coincu.com/t/blockchain-gaming/,200,Non-Indexable
https://coincu.com/t/handheld-console/,200,Non-Indexable
https://coincu.com/t/ether/,200,Non-Indexable
https://coincu.com/t/gamenft/,200,Non-Indexable
https://coincu.com/t/ethereums/,200,Non-Indexable
https://coincu.com/t/ethereum-blockchain/,200,Non-Indexable
https://coincu.com/t/blockchain-game/,200,Non-Indexable
https://coincu.com/t/etf/,200,Non-Indexable
