post_id,post_name,url,source_batches,recommended_action,severe_flags,utm_match_rows,utm_unique_matched_urls,utm_sample_url,severe_sample
402054,basis-pro-is-live-base58labs-officially-launches-crypto-arbitrage-platform,https://coincu.com/basis-pro-is-live-base58labs-officially-launches-crypto-arbitrage-platform/,utm_source_chatgpt,delete,,3,2,https://basis.pro/?utm_source=chatgpt.com,
398807,bitcoin-etf-options-expand-after-sec-removes-25k-cap,https://coincu.com/bitcoin-etf-options-expand-after-sec-removes-25k-cap/,severe_format_like,delete,raw_url_in_parentheses|short_internal_anchor_text|dirty_internal_link,,,," fixed position and exercise limits for <a href=""https://coincu.com/news/crypto/"">crypto</a> ETF options have come from options venues such <a href=""https://coincu.com/uncategorized/tokenized-gold-draws-bids-as-"">as </a>Nasdaq, NYSE Arca, ISE/BX, and BOX, not the New York Stock Exchange LLC. The changes normalize treatment of these options under the same frameworks used for other exchange-traded products.</p> <p><a href=""https://www.sandmark.com/&lt;a href="" target=""_blank"" r"
398771,oil-markets-focus-as-iran-answers-trump-on-hormuz,https://coincu.com/oil-markets-focus-as-iran-answers-trump-on-hormuz/,severe_format_like,delete,raw_url_in_parentheses|short_internal_anchor_text|dirty_internal_link,,,,"categorized/oil-rises-on-iran-tensions-fed-cut-bets-trimmed/"">on iran</a> would be met with defensive retaliation. He framed Iran’s posture <a href=""https://coincu.com/uncategorized/tokenized-gold-draws-bids-as-"">as </a>readiness for negotiations that preserve dignity while refusing outcomes imposed under coercion.</p><p>Iranian officials have also dismissed talk of a ceasefire under pressure, describing resistance as a sovereign right grounded in international norms. The res"
398768,iran-shifts-to-offensive-doctrine-as-nato-israel-react,https://coincu.com/iran-shifts-to-offensive-doctrine-as-nato-israel-react/,severe_format_like,delete,raw_url_in_parentheses|short_internal_anchor_text|dirty_internal_link,,,,"defense-first posture to an offensive doctrine that prioritizes speed, reach, and initiative after a &#8220;12-day war&#8221; in June 2025, <a href=""https://coincu.com/c/news/"">news</a>/2026/02/02/3507245/iran-shifts-to-offensive-military-doctrine-top-general&#8221; target=&#8221;_blank&#8221; rel=&#8221;nofollow noopener&#8221;><a href=""https://coincu.com/pr/bonk-is-catching-up-to-pepe-coin-and-shiba-inu-but-this-token-under-0-002-is-the-me"
398741,robo-faces-review-amid-fabric-airdrop-sybil-claims,https://coincu.com/robo-faces-review-amid-fabric-airdrop-sybil-claims/,severe_format_like,delete,raw_url_in_parentheses|short_internal_anchor_text|dirty_internal_link,,,," the 40% ROBO capture remains unverified</h2><p>A claim circulating in community channels alleges that a single entity captured roughly 40% <a href=""https://coincu.com/analysis/part-2-the-veracity-of-the-usdc/"">of the</a> ROBO airdrop via more than 7,000 addresses, valued near $8 million at launch, <a href=""https://coincu.com/uncategorized/tokenized-gold-draws-bids-as-"">as </a>reported by Reddit (https://www.reddit.com/r/RWATimes/comments/1rz5f3p/robo<em>airdrop</em>under<em>s"
398714,oil-steadies-as-iranian-navy-tanker-escort-claim-unravels,https://coincu.com/oil-steadies-as-iranian-navy-tanker-escort-claim-unravels/,severe_format_like,delete,raw_url_in_parentheses|short_internal_anchor_text|dirty_internal_link,,,," <h2 id=""noverifiedevidenceiraniannavyescortedanindianoiltanker"">No verified evidence Iranian Navy escorted an Indian oil tanker</h2><p><a href=""https://coincu.com/uncategorized/tokenized-gold-draws-bids-as-"">as </a>reported by <a href=""https://www.ndtv.com/world-news/iran-israel-us-war-report-claims-india-flagged-tankers-pass-through-hormuz-iran-reacts-11203593"" target=""_blank"" rel=""nofollow noopener"">NDTV</a> (https://www.ndtv.com/world-news/iran-israel-us-war-report-cl"
398705,u-s-dod-assesses-iraq-posture-amid-regional-risks,https://coincu.com/u-s-dod-assesses-iraq-posture-amid-regional-risks/,severe_format_like,delete,raw_url_in_parentheses|short_internal_anchor_text|dirty_internal_link,,,,"nt public reporting points in the opposite direction, emphasizing reductions and advisory roles rather than fresh combat deployments.</p><p><a href=""https://coincu.com/uncategorized/tokenized-gold-draws-bids-as-"">as </a>reported by AP in October 2025, the Pentagon confirmed a mission reduction related to counter-ISIS efforts, shifting more responsibility to Iraqi forces and withdrawing from some bases (https://apnews.com/article/7110ec28de2fc8fcb620d86da104de06?utm_source=ope"
398699,f-35-faces-probe-as-centcom-reviews-irgc-hit-claim,https://coincu.com/f-35-faces-probe-as-centcom-reviews-irgc-hit-claim/,severe_format_like,delete,raw_url_in_parentheses|short_internal_anchor_text|dirty_internal_link,,,,"sconfirmedf35emergencylandingiranianhitclaimunverified"">What&#8217;s confirmed: F-35 emergency landing; Iranian-hit claim unverified</h2><p><a href=""https://coincu.com/uncategorized/tokenized-gold-draws-bids-as-"">as </a>reported by <a href=""https://apnews.com/article/a7e51335d9ce790dbf6bc377ed2763a9"" target=""_blank"" rel=""nofollow noopener"">AP <a href=""https://coincu.com/c/news/"">news</a></a> on March 19, 2026, a U.S. F-35 conducted a combat mission <a href=""https://coincu.com"
398650,oil-steadies-as-trump-says-no-ceasefire-hormuz-risk,https://coincu.com/oil-steadies-as-trump-says-no-ceasefire-hormuz-risk/,severe_format_like,delete,raw_url_in_parentheses|short_internal_anchor_text|dirty_internal_link,,,,"s://www.cnbc.com/2025/06/23/us-iran-crisis-shipping-groups-seen-avoiding-the-strait-of-hormuz.html"" target=""_blank"" rel=""nofollow noopener""><a href=""https://coincu.com/uncategorized/tokenized-gold-draws-bids-as-"">as </a>reported by CNBC</a>, even limited threats prompt shipowners to avoid transits, with ripple effects on costs and availability (https://www.cnbc.com/2025/06/23/us-iran-crisis-shipping-groups-seen-avoiding-the-strait-of-hormuz.html).</p><p>Trump’s suggestion tha"
398553,hyperliquid-details-fiat-access-amid-test-reports,https://coincu.com/hyperliquid-details-fiat-access-amid-test-reports/,severe_format_like,delete,raw_url_in_parentheses|short_internal_anchor_text|dirty_internal_link,,,,"ates Hyperliquid’s core platform does not accept direct fiat deposits or withdrawals today; balances are funded with crypto or stablecoins, <a href=""https://coincu.com/uncategorized/tokenized-gold-draws-bids-as-"">as </a>reported by CryptoNews.com (https://cryptonews.com/reviews/hyperliquid-dex-review/).</p><h2 id=""whythismattersnativefiatvsonrampvsstablecoin"">Why this matters: native fiat vs on-ramp vs stablecoin</h2><p>Native fiat rails place deposit/withdrawal functionality"
398528,nvidia-networking-hits-11b-as-spectrum-x-nvlink-lead,https://coincu.com/nvidia-networking-hits-11b-as-spectrum-x-nvlink-lead/,severe_format_like,delete,raw_url_in_parentheses|short_internal_anchor_text|dirty_internal_link,,,,"rterly-growth-says-it-s-the-world-s-largest-networking-business).CRN also reports the quarter was propelled by the continued ramp of NVLink <a href=""https://coincu.com/uncategorized/tokenized-gold-draws-bids-as-"">as </a>the compute fabric for Grace‑Blackwell GB200/GB300 rack‑scale platforms, plus growth in Spectrum‑X Ethernet and the Quantum InfiniBand portfolio.</p><h2 id=""whynvidiasnetworkingsurgemattersforaidatacenters"">Why NVIDIA’s networking surge matters for AI data cen"
398489,bitcoin-steadies-as-powell-keeps-rate-hike-option-open,https://coincu.com/bitcoin-steadies-as-powell-keeps-rate-hike-option-open/,severe_format_like,delete,raw_url_in_parentheses|short_internal_anchor_text|dirty_internal_link,,,,"federal reserve</a> Chair Jerome Powell left the door open to another policy rate increase, while signaling the baseline is to hold steady. <a href=""https://coincu.com/uncategorized/tokenized-gold-draws-bids-as-"">as </a>reported by <a href=""https://apnews.com/article/9221c7658b01a0523d743d50b116ff11"" target=""_blank"" rel=""nofollow noopener"">AP <a href=""https://coincu.com/c/news/"">news</a></a> (https://apnews.com/article/9221c7658b01a0523d743d50b116ff11?utm_source=openai), he i"
398447,ftx-liquidation-trust-details-mar-31-payout-after-2-2b-cut,https://coincu.com/ftx-liquidation-trust-details-mar-31-payout-after-2-2b-cut/,severe_format_like,delete,raw_url_in_parentheses|dirty_internal_link,,,,"in.com/news/articles/ftx-creditor-rep-next-distribution-round-expected-on-march-31-2026"" target=""_blank"" rel=""nofollow noopener"">KuCoin</a> (https://www.kucoin.com/news/articles/ftx-creditor-rep-next-distribution-round-expected-on-march-31-2026). Eligibility is expected to depend on completed identity and tax compliance, reconciled claim status, and inclusion on the official register as of the applicable record date.</p><p>Timelines and amounts remain subject to court processes and operational readin"
398432,digital-won-advances-as-phase-2-pilot-starts-with-9-banks,https://coincu.com/digital-won-advances-as-phase-2-pilot-starts-with-9-banks/,severe_format_like,delete,raw_url_in_parentheses|short_internal_anchor_text|dirty_internal_link,,,,", and won-based stablecoins</h2><p>Participating lenders face near-term operational demands tied to infrastructure work and pilot coverage. <a href=""https://coincu.com/uncategorized/tokenized-gold-draws-bids-as-"">as </a>reported by <a href=""https://www.koreatimes.co.kr/economy/20250624/bok-banks-at-odds-over-central-bank-digital-currency-drive-due-to-cost-sharing"" target=""_blank"" rel=""nofollow noopener"">Korea Times</a>, banks say Phase 1 created heavy burdens across infrastru"
398429,bitcoin-trades-as-cz-flags-high-u-s-fees-weak-competition,https://coincu.com/bitcoin-trades-as-cz-flags-high-u-s-fees-weak-competition/,severe_format_like,delete,raw_url_in_parentheses|short_internal_anchor_text|dirty_internal_link,,,,"mpetition in the U.S. crypto market</h2><p>A renewed debate over U.S. <a href=""https://coincu.com/news/crypto/"">crypto</a> costs centers on <a href=""https://coincu.com/c/market/"">market</a> structure. CZ has framed the issue <a href=""https://coincu.com/uncategorized/tokenized-gold-draws-bids-as-"">as </a>limited domestic competition coinciding with persistently high platform fees. Review of public fee schedules indicates U.S. maker/taker rates of"
398398,netflix-readies-the-altruists-as-ftx-case-lingers,https://coincu.com/netflix-readies-the-altruists-as-ftx-case-lingers/,severe_format_like,delete,raw_url_in_parentheses|dirty_internal_link,,,,"ed drama produced by Netflix with Higher Ground and will explore Effective Altruism and an approximately $8 billion customer-fund shortfall (https://www.ainvest.com/news/netflix-orders-altruists-series-ftx-collapse-2505/?utm_source=openai). These elements frame the project as a narrative dramatization of a high-profile financial collapse.</p><p>As reported by <a href=""https://television.mxdwn.com/news/netflix-announces-casting-of-julia-garner-and-anthony-boyle-in-ftx-cryptocurrency-based-series"
398376,canton-network-gains-focus-as-moodys-tests-on-chain-ratings,https://coincu.com/canton-network-gains-focus-as-moodys-tests-on-chain-ratings/,severe_format_like,delete,raw_url_in_parentheses|short_internal_anchor_text|dirty_internal_link,,,,"ed public confirmation that Moody’s has integrated with Canton Network to deliver on-chain credit ratings. Public listings identify Moody’s <a href=""https://coincu.com/uncategorized/tokenized-gold-draws-bids-as-"">as </a>a founding institution behind Canton, not a live ratings publisher, <a href=""https://coincu.com/pr/bonk-is-catching-up-to-pepe-coin-and-shiba-inu-but-this-token-under-0-002-is-the-meme-coin-to-watch-in-2025-according-to-2-separate-ai-models/"">according to</a> "
398364,crypto-reassesses-risk-as-us-rules-firm-after-binance-deal,https://coincu.com/crypto-reassesses-risk-as-us-rules-firm-after-binance-deal/,severe_format_like,delete,raw_url_in_parentheses|short_internal_anchor_text|dirty_internal_link,,,,"a Washington policy forum amid heightened regulatory scrutiny.</p><p>The timing is notable given ongoing industry debates about compliance, <a href=""https://coincu.com/c/market/"">market</a> integrity, and the role of large global exchanges in U.S.-facing activity. Observers will watch whether Zhao emphasizes governance, controls, and cooperation with regulators.</p><h2 id=""whyitmattersuscryptoregulationandbinancesettlementcontext"">Why it matters"
398361,fed-dot-plot-tilts-to-one-2024-cut-as-core-pce-stays-firm,https://coincu.com/fed-dot-plot-tilts-to-one-2024-cut-as-core-pce-stays-firm/,severe_format_like,delete,raw_url_in_parentheses|short_internal_anchor_text|dirty_internal_link,,,,"ional commentary now coalesces around a one-and-done path for U.S. policy rates. The room for easing appears narrow, with only one cut seen <a href=""https://coincu.com/uncategorized/tokenized-gold-draws-bids-as-"">as </a>plausible later this year.</p><p>Atlanta Fed President Raphael Bostic has said he expects just one rate cut this year, citing inflation that has remained elevated, as reported by <a href=""https://coincu.com/c/news/"">news</a>/three-fed-members-poured-cold-water"
398337,tally-updates-status-as-sec-clarity-steers-dao-demand,https://coincu.com/tally-updates-status-as-sec-clarity-steers-dao-demand/,severe_format_like,delete,raw_url_in_parentheses|short_internal_anchor_text|dirty_internal_link,,,,"nce platform. A review of recent reporting and company materials does not corroborate that claim.</p><p>Current, attributable records point <a href=""https://coincu.com/analysis/hype-faces-liquidation-trap-28-32-in-the-crosshairs/"">in the</a> opposite direction. <a href=""https://coincu.com/uncategorized/tokenized-gold-draws-bids-as-"">as </a>reported by CoinDesk, Tally raised $8 million in April 2025 to scale its on‑chain governance infrastructure (https://www.coindesk.com/tech/2025/04/22/dao-infra"
398313,hezbollah-claim-faces-scrutiny-amid-israel-lebanon-clashes,https://coincu.com/hezbollah-claim-faces-scrutiny-amid-israel-lebanon-clashes/,severe_format_like,delete,raw_url_in_parentheses|short_internal_anchor_text|dirty_internal_link,,,,"confirm imminence. On March 2, 2026, Hezbollah launched rockets and drones near Haifa, and Israel conducted airstrikes including in Beirut, <a href=""https://coincu.com/uncategorized/tokenized-gold-draws-bids-as-"">as </a>reported by <a href=""https://coincu.com/c/news/"">news</a>/2026/3/2/israel-bombs-beirut-after-hezbollah-launches-rocket-attack&#8221; target=&#8221;_blank&#8221; rel=&#8221;nofollow noopener&#8221;>Al Jazeera</a> (https://www.aljazeera.com/amp/news/2026/3/2/isr"
398268,iran-ceasefire-talks-stall-amid-disputed-beg-quote,https://coincu.com/iran-ceasefire-talks-stall-amid-disputed-beg-quote/,severe_format_like,delete,raw_url_in_parentheses|short_internal_anchor_text|dirty_internal_link,,,,"c language in question.</p><h2 id=""whatiranianofficialssaidaboutaniranceasefire"">What Iranian officials said about an Iran ceasefire</h2><p><a href=""https://coincu.com/uncategorized/tokenized-gold-draws-bids-as-"">as </a>reported by The National on March 6, 2026, Foreign Minister Abbas Araghchi said Iran was not seeking a ceasefire or negotiations with the United States (https://www.thenationalnews.com/news/2026/03/06/tehran-says-no-talks-or-ceasefire-despite-us-claims-of-heav"
398248,dtcpay-confirms-16-5m-pre-series-a-after-10m-reports,https://coincu.com/dtcpay-confirms-16-5m-pre-series-a-after-10m-reports/,severe_format_like,delete,raw_url_in_parentheses|dirty_internal_link,,,,"eries A was led by Kwee Liong Tek (Chairman of Pontiac Land Group) with participation from David Tung, Jean-Marc Poullet, and Tham Sai Choy (https://www.rubicon-law.com/dtcpay-pre-series-a-fundraising-round). <a href=""https://www.straitstimes.com/business/s-pore-based-digital-payments-firm-dtcpay-sets-sights-on-expansion-after-raising-221-million"" target=""_blank"" rel=""nofollow noopener"">As reported by The Straits Times</a>, contemporaneous coverage framed the rai"
398227,panews-sees-skills-claims-unverified-amid-no-official-post,https://coincu.com/panews-sees-skills-claims-unverified-amid-no-official-post/,severe_format_like,delete,raw_url_in_parentheses|short_internal_anchor_text|dirty_internal_link,,,,"following description supports scope assessment of current offerings. &#8220;PANews is described as a think-tank style information platform <a href=""https://coincu.com/knowledge/cysic-breakthrough-in-the-zk-hardware/"">in the</a> Web3/blockchain space, offering research reports, <a href=""https://coincu.com/c/news/"">news</a>, an event calendar, and real-time tools like ‘hot event plaza’.&#8221; said PANews Lab website (https://www.panewslab.com/).</p><h3 id=""lookforcrediblecoverageofpe"
398184,meta-platforms-faces-scrutiny-amid-27b-rumor-3b-pact,https://coincu.com/meta-platforms-faces-scrutiny-amid-27b-rumor-3b-pact/,severe_format_like,delete,raw_url_in_parentheses|short_internal_anchor_text|dirty_internal_link,,,,"nts of revenue visibility, capacity planning, and counterparty risk.</p><p>For regulated markets and YMYL topics, presenting rumored totals <a href=""https://coincu.com/uncategorized/tokenized-gold-draws-bids-as-"">as </a>confirmed can misstate backlog and distort risk analysis. Filings and named publications should anchor any extrapolation, with unverified figures clearly labeled as such.</p><h2 id=""immediateimpactonnebiuscapacitybacklogandrisks"">Immediate impact on Nebius cap"
398175,elon-musk-earns-a16z-nod-andreessen-touts-no-buffer-model,https://coincu.com/elon-musk-earns-a16z-nod-andreessen-touts-no-buffer-model/,severe_format_like,delete,raw_url_in_parentheses|short_internal_anchor_text|dirty_internal_link,,,,"o-pepe-coin-and-shiba-inu-but-this-token-under-0-002-is-the-meme-coin-to-watch-in-2025-according-to-2-separate-ai-models/"">according to</a> <a href=""https://coincu.com/c/news/"">news</a>/marc-andreessen-says-he-learnt-from-elon-musk-that-in-your-company-people-who-matter-no-1-are-/amp_articleshow/124338051.cms&#8221; target=&#8221;_blank&#8221; rel=&#8221;nofollow noopener&#8221;>The Times of India</a>, Marc Andreessen learned from Musk that "
398166,oil-holds-range-as-saudi-pursues-dual-track-iran-policy,https://coincu.com/oil-holds-range-as-saudi-pursues-dual-track-iran-policy/,severe_format_like,delete,raw_url_in_parentheses|short_internal_anchor_text|dirty_internal_link,,,,"anpolicymattersnow"">Why the Saudi dual-track Iran policy matters now</h2><p>Regional actors are calibrating between deterrence and dialogue <a href=""https://coincu.com/uncategorized/tokenized-gold-draws-bids-as-"">as </a>tensions ebb and flow. <a href=""https://www.experts.com/articles/gulf-rapprochement-iranian-tactics-may-be-paying-off-by-dr-james-dorsey"" target=""_blank"" rel=""nofollow noopener"">Experts.com analysis</a> by Dr. James M. Dorsey argues that fear of U.S.–Iran conf"
398148,bitcoin-holds-as-sec-filing-shows-mstr-buys-22300-btc,https://coincu.com/bitcoin-holds-as-sec-filing-shows-mstr-buys-22300-btc/,severe_format_like,delete,raw_url_in_parentheses|short_internal_anchor_text|dirty_internal_link,,,,"avorable-macro-for-risk-assets-in-2026/"">for risk</a>, liquidity, and volatility.</p><p>Funding method matters alongside size. According to <a href=""https://coincu.com/c/news/"">news</a>/billionaire-michael-saylors-strategy-buys-22305-bitcoin-for-2-13b/&#8221; target=&#8221;_blank&#8221; rel=&#8221;nofollow noopener&#8221;>Cryptonews.com</a>, recent purchases have been financed largely via ATM equity offerings, including preferred and common "
398136,prediction-markets-draw-record-flows-on-u-s-iran-bets,https://coincu.com/prediction-markets-draw-record-flows-on-u-s-iran-bets/,severe_format_like,delete,raw_url_in_parentheses|short_internal_anchor_text|dirty_internal_link,,,,"p><a href=""https://financefeeds.com/polymarket-bets-on-us-iran-conflict-surge-past-529m-in-volume/"" target=""_blank"" rel=""nofollow noopener""><a href=""https://coincu.com/uncategorized/tokenized-gold-draws-bids-as-"">as </a>reported by FinanceFeeds</a>, total volume on Polymarket’s U.S.–Iran conflict contracts reached about US$529 million, with “When will <a href=""https://coincu.com/press-release/superform-expands-to-the-u-s-with-mobile-app-launch-for-a-user-owned-neobank/"">the u"
398124,ironlight-raises-12m-per-filings-ats-status-detailed,https://coincu.com/ironlight-raises-12m-per-filings-ats-status-detailed/,severe_format_like,delete,raw_url_in_parentheses|short_internal_anchor_text|dirty_internal_link,,,,"a compliant tokenized-securities marketplace, <a href=""https://www.cointeeth.com/news-flash/505045"" target=""_blank"" rel=""nofollow noopener""><a href=""https://coincu.com/uncategorized/tokenized-gold-draws-bids-as-"">as </a>reported by Cointeeth</a> (https://www.cointeeth.com/news-flash/505045?utm_source=openai). This article relies only on such published records.</p><h2 id=""whythefundingclaimmattersforregulatedtokenizedsecurities"">Why the funding claim matters for regulated toke"
398099,oil-holds-above-100-as-fujairah-attacks-halt-bunkering,https://coincu.com/oil-holds-above-100-as-fujairah-attacks-halt-bunkering/,severe_format_like,delete,raw_url_in_parentheses|short_internal_anchor_text|dirty_internal_link,,,,"an struck storage tanks at the Fujairah Oil Industry Zone (FOIZ), triggering a fire and disrupting operations. No casualties were reported, <a href=""https://coincu.com/uncategorized/tokenized-gold-draws-bids-as-"">as </a>reported by Maritime Executive (https://maritime-executive.com/article/drone-strikes-reported-in-fujairah-and-duqm?utm_source=openai).</p><p>On March 9, debris from a drone intercepted by UAE air defense damaged bunkering storage at Fujairah, forcing a halt to"
398052,gold-holds-ahead-of-super-central-bank-week-on-energy-risks,https://coincu.com/gold-holds-ahead-of-super-central-bank-week-on-energy-risks/,severe_format_like,delete,raw_url_in_parentheses|short_internal_anchor_text|dirty_internal_link,,,,"ction inputs, and second-round wage effects. The duration and magnitude of price moves often determine whether policymakers treat the shock <a href=""https://coincu.com/uncategorized/tokenized-gold-draws-bids-as-"">as </a>transitory or policy-relevant.</p><p>As reported by Yahoo Finance, Federal Reserve officials including John Williams and Susan Collins are watching the Iran war for near‑term inflation impact, highlighting elevated uncertainty and some upside risks even as dis"
398046,ethereum-weighs-el-cl-rethink-as-vitalik-backs-epbs,https://coincu.com/ethereum-weighs-el-cl-rethink-as-vitalik-backs-epbs/,severe_format_like,delete,raw_url_in_parentheses|short_internal_anchor_text|dirty_internal_link,,,,"ereum stakeholders are revisiting EL/CL separation, the split between execution clients (EL) and the beacon chain’s consensus clients (CL), <a href=""https://coincu.com/uncategorized/tokenized-gold-draws-bids-as-"">as </a>a source of node complexity and higher operational friction. <a href=""https://coincu.com/pr/bonk-is-catching-up-to-pepe-coin-and-shiba-inu-but-this-token-under-0-002-is-the-meme-coin-to-watch-in-2025-according-to-2-separate-ai-models/"">according to</a> a discu"
398034,ai-models-face-scrutiny-after-cctv-3-15-gala-claims,https://coincu.com/ai-models-face-scrutiny-after-cctv-3-15-gala-claims/,severe_format_like,delete,raw_url_in_parentheses|short_internal_anchor_text|dirty_internal_link,,,,"ablesourcessayanddonotsay"">Evidence check: what reliable sources say and do not say</h2><p>Reliable literature recognizes AI data poisoning <a href=""https://coincu.com/uncategorized/tokenized-gold-draws-bids-as-"">as </a>a real security risk in machine‑learning pipelines, but there are no accountable reports tying such an incident <a href=""https://coincu.com/press-release/superform-expands-to-the-u-s-with-mobile-app-launch-for-a-user-owned-neobank/"">to the</a> 3.15 Gala. Searc"
398031,ether-eyes-scarcity-debate-after-wintermute-ceo-meme-claim,https://coincu.com/ether-eyes-scarcity-debate-after-wintermute-ceo-meme-claim/,severe_format_like,delete,raw_url_in_parentheses|short_internal_anchor_text|dirty_internal_link,,,,"y, CEO of Wintermute, <a href=""https://www.cryptopolitan.com/wintermute-no-eth-left-sale-otc-desk/"" target=""_blank"" rel=""nofollow noopener""><a href=""https://coincu.com/uncategorized/tokenized-gold-draws-bids-as-"">as </a>reported by Cryptopolitan</a> (https://www.cryptopolitan.com/wintermute-no-eth-left-sale-otc-desk/). The report notes a significant share of ETH is staked, pointing to a long‑term holding bias that can reduce immediately available float.</p><p><a href=""https:/"
398025,gold-steadies-as-iran-rejects-talks-eu-snapback-in-focus,https://coincu.com/gold-steadies-as-iran-rejects-talks-eu-snapback-in-focus/,severe_format_like,delete,raw_url_in_parentheses|short_internal_anchor_text|dirty_internal_link,,,,"d that Tehran has never requested a ceasefire or negotiations and sees no reason to engage with the United States under current conditions, <a href=""https://coincu.com/uncategorized/tokenized-gold-draws-bids-as-"">as </a>reported by <a href=""https://www.turkiyetoday.com/region/iran-fm-rejects-negotiations-with-us-says-country-is-prepared-for-ground-invasion-3215683"" target=""_blank"" rel=""nofollow noopener"">Türkiye Today</a> (https://www.turkiyetoday.com/region/iran-fm-rejects-n"
398019,venus-protocol-weighs-2-15m-shortfall-claim-on-oracle-risk,https://coincu.com/venus-protocol-weighs-2-15m-shortfall-claim-on-oracle-risk/,severe_format_like,delete,raw_url_in_parentheses|dirty_internal_link,,,,"ate uplift on the wUSDM ERC‑4626 wrapper, affecting Venus; the estimated impact was about $716,000 and the attacker’s profit about $200,000 (https://forklog.com/en/experts-unveil-details-of-oracle-manipulation-attack-on-venus-protocol/).</p><p>According to <a href=""https://www.fxleaders.com/news/2025/09/03/venus-protocol-recovers-13-5m-in-phished-funds-after-emergency-governance-vote/"" target=""_blank"" rel=""nofollow noopener"">FXLeaders</a>, a <a href=""https://coincu.com/bitcoin/bitcoin-diffic"
397985,lebanon-israel-talks-weighed-as-1701-guides-format,https://coincu.com/lebanon-israel-talks-weighed-as-1701-guides-format/,severe_format_like,delete,raw_url_in_parentheses|short_internal_anchor_text|dirty_internal_link,,,,"ref=""https://en.kataeb.org/articles/lebanon-does-not-rule-out-direct-talks-with-israel-sources-say"" target=""_blank"" rel=""nofollow noopener""><a href=""https://coincu.com/uncategorized/tokenized-gold-draws-bids-as-"">as </a>reported by Kataeb</a>, the door is open but no timetable has been fixed (https://en.kataeb.org/articles/lebanon-does-not-rule-out-direct-talks-with-israel-sources-say?utm_source=openai).</p><p><a href=""https://today.lorientlejour.com/article/1481828/oppositio"
397964,moonshot-ai-draws-scrutiny-on-18b-rumor-amid-funding-review,https://coincu.com/moonshot-ai-draws-scrutiny-on-18b-rumor-amid-funding-review/,severe_format_like,delete,raw_url_in_parentheses|short_internal_anchor_text|dirty_internal_link,,,,"d18bd1bmoonshotaiclaimiscirculating"">Why the $18B/$1B Moonshot AI claim is circulating</h2><p>One driver is misattribution to another firm. <a href=""https://coincu.com/uncategorized/tokenized-gold-draws-bids-as-"">as </a>reported by <a href=""https://eastoregonian.com/2024/04/08/one-of-elon-musks-newer-companies-is-eyeing-an-18-billion-valuation/"" target=""_blank"" rel=""nofollow noopener"">East Oregonian</a>, xAI was described in April 2024 as &#8220;eyeing an $18 billion valuatio"
397937,wlfi-faces-scrutiny-as-super-node-needs-50m-180-day-lockup,https://coincu.com/wlfi-faces-scrutiny-as-super-node-needs-50m-180-day-lockup/,severe_format_like,delete,raw_url_in_parentheses|short_internal_anchor_text|dirty_internal_link,,,,"ces and watchdog assessments.</p><h2 id=""whatwlfisupernodeis50mstaking180daylock"">What WLFI Super Node is: 50M staking, 180-day lock</h2><p><a href=""https://coincu.com/c/news/"">news</a>/flash/wlfi-proposes-governance-staking-and-node-system-to-direct-usd1-arbitrage-rewards-to-long-term-participants&#8221; target=&#8221;_blank&#8221; rel=&#8221;nofollow noopener&#8221;><a href=""https://coincu.com/pr/bonk-is-catching-up-to-pepe-coin-and-shiba-"
397885,oil-steady-as-u-s-weighs-hormuz-tanker-escorts,https://coincu.com/oil-steady-as-u-s-weighs-hormuz-tanker-escorts/,severe_format_like,delete,raw_url_in_parentheses|short_internal_anchor_text|dirty_internal_link,,,,"cu.com/uncategorized/uss-delbert-d-black-middle-east/"">middle east</a> to ensure safe tanker transit, but no U.S. Navy escorts are underway <a href=""https://coincu.com/knowledge/cysic-breakthrough-in-the-zk-hardware/"">in the</a> Strait of Hormuz. Military planners continue assessing conditions required for any convoy operations and potential coalition support.</p><p>Confusion followed a now-deleted statement by the Energy Secretary suggesting an escort had already occurred. <a href="""
397864,26th-marine-expeditionary-unit-deploys-for-mideast-posture,https://coincu.com/26th-marine-expeditionary-unit-deploys-for-mideast-posture/,severe_format_like,delete,raw_url_after_colon|dirty_internal_link,,,,"/dod-increases-deterrence-posture-in-middle-east-continues-aid-to-israel/"" target=""_blank"" rel=""nofollow noopener"">Department of Defense</a>: https://www.csg4.usff.navy.mil/Press-Room/News-Stories/Article/3560989/dod-increases-deterrence-posture-in-middle-east-continues-aid-to-israel/)</p><p>Embarked aviation and landing forces provide commanders scalable choices ranging from presence to evacuation support. According to the <a href=""https://www.fdd.org/analysis/2023/10/18/u-s-surges-additional-combat-forces-to-the-middle-east/"" target=""_bla"
397854,bitcoins-rebound-case-builds-on-fed-liquidity-etf-flows,https://coincu.com/bitcoins-rebound-case-builds-on-fed-liquidity-etf-flows/,severe_format_like,delete,raw_url_in_parentheses|short_internal_anchor_text|dirty_internal_link,,,,"uidity dynamics, institutional participation, and on-chain behavior, with mixed near-term signals.</p><p>A review of recent research notes, <a href=""https://coincu.com/c/market/"">market</a> structure data, and on-chain dashboards points to improving risk conditions alongside unresolved macro uncertainties. Historically, durable reversals required multiple confirmations rather than a single catalyst.</p><h2 id=""whyitmattersliquiditybitcoinhedgeag"
397824,polymarket-odds-price-in-iran-regime-fall-by-june-30-2026,https://coincu.com/polymarket-odds-price-in-iran-regime-fall-by-june-30-2026/,severe_format_like,delete,raw_url_in_parentheses|short_internal_anchor_text|dirty_internal_link,,,,"etspriceriskexpertsandnicseeunlikelyiniran"">Answer: Markets price risk; experts and NIC see unlikely in Iran</h2><p>Prediction markets such <a href=""https://coincu.com/uncategorized/tokenized-gold-draws-bids-as-"">as </a>Polymarket aggregate crowd views on hard-to-measure geopolitical risks. Yet assessments from national-security institutions and many regional specialists indicate a low likelihood of Iran’s regime collapsing by June 30, 2026.</p><p><a href=""https://coincu.com/"
397800,shiba-inu-sees-464m-unwind-after-buterin-gift,https://coincu.com/shiba-inu-sees-464m-unwind-after-buterin-gift/,severe_format_like,delete,raw_url_in_parentheses|short_internal_anchor_text|dirty_internal_link,,,,"alized about $463.9M, not FLI</h2><p>The claim that the Future of Life Institute (FLI) liquidated about $500 million of SHIB is inaccurate. <a href=""https://coincu.com/uncategorized/tokenized-gold-draws-bids-as-"">as </a>reported by DLNews (https://www.dlnews.com/articles/people-culture/vitalik-buterins-billion-shib-donation-to-india-went-through-alameda/), CryptoRelief, working via <a href=""https://coincu.com/c/market/"">market</a> maker Wintermute, conducted the sales and rea"
397778,oil-steady-as-iran-power-shift-boosts-irgc-influence,https://coincu.com/oil-steady-as-iran-power-shift-boosts-irgc-influence/,severe_format_like,delete,raw_url_in_parentheses|short_internal_anchor_text|dirty_internal_link,,,," <p>Mojtaba Khamenei Supreme Leader appointment is being read <a href=""https://coincu.com/uncategorized/tokenized-gold-draws-bids-as-"">as </a>a hardline consolidation with limited room for compromise. Analysts highlight IRGC influence as central, alongside a governing mindset oriented to regime survival.</p><p>Continuity appears likely in core strategic files, even as tactics may tighten. This analy"
397747,u-s-fuel-prices-face-shifts-as-jones-act-waiver-weighed,https://coincu.com/u-s-fuel-prices-face-shifts-as-jones-act-waiver-weighed/,severe_format_like,delete,raw_url_in_parentheses|short_internal_anchor_text|dirty_internal_link,,,,"""ajonesactwaivertemporarilyeasesdomesticmaritimeshippingcosts"">A Jones Act waiver temporarily eases domestic maritime shipping costs</h2><p><a href=""https://coincu.com/uncategorized/tokenized-gold-draws-bids-as-"">as </a>reported by Yahoo <a href=""https://coincu.com/c/news/"">news</a>, the Trump administration plans to suspend parts of the Jones Act to stabilize oil prices (https://www.yahoo.com/news/articles/trump-may-waive-jones-act-161544746.html). A temporary Jones Act waiv"
397701,hyperliquid-rwa-open-interest-holds-amid-methodology-debate,https://coincu.com/hyperliquid-rwa-open-interest-holds-amid-methodology-debate/,severe_format_like,delete,raw_url_in_parentheses|short_internal_anchor_text|dirty_internal_link,,,,"dustry reporting shows that figure lacks credible support.</p><p>Platform-wide open interest has been reported at materially higher levels. <a href=""https://coincu.com/uncategorized/tokenized-gold-draws-bids-as-"">as </a>reported by MEXC News, Hyperliquid’s total open interest was about USD 7.73 billion in December 2025 (https://www.mexc.co/en-IN/news/262053). AInvest later described roughly USD 7.3 billion as a two‑month high in early January 2026 (https://www.ainvest.com/new"
397644,revolut-seeks-full-uk-banking-licence-amid-pra-review,https://coincu.com/revolut-seeks-full-uk-banking-licence-amid-pra-review/,severe_format_like,delete,raw_url_in_parentheses|short_internal_anchor_text|dirty_internal_link,,,," <h2 id=""revolutfullukbankinglicencewhatchangesforcustomersnow"">Revolut full UK banking licence, what changes for customers now</h2><p><a href=""https://coincu.com/uncategorized/tokenized-gold-draws-bids-as-"">as </a>reported by <a href=""https://www.theguardian.com/business/2026/mar/11/british-fintech-revolut-gets-full-banking-licence"" target=""_blank"" rel=""nofollow noopener"">The Guardian</a> (https://www.theguardian.com/business/2026/mar/11/british-fintech-revolut-gets-ful"
397508,google-advances-gemini-ai-agents-for-pentagon-amid-pushback,https://coincu.com/google-advances-gemini-ai-agents-for-pentagon-amid-pushback/,severe_format_like,delete,raw_url_in_parentheses|short_internal_anchor_text|dirty_internal_link,,,,"o-pepe-coin-and-shiba-inu-but-this-token-under-0-002-is-the-meme-coin-to-watch-in-2025-according-to-2-separate-ai-models/"">according to</a> <a href=""https://coincu.com/c/news/"">news</a>.bloomberglaw.com/federal-contracting/google-to-provide-pentagon-with-ai-agents-for-unclassified-work&#8221; target=&#8221;_blank&#8221; rel=&#8221;nofollow noopener&#8221;>Bloomberg Law</a> (https://news.bloomberglaw.com/federal-contracting/google-to-provide-"
397499,fed-funds-futures-steady-as-march-2026-hold-odds-at-97,https://coincu.com/fed-funds-futures-steady-as-march-2026-hold-odds-at-97/,severe_format_like,delete,raw_url_in_parentheses|short_internal_anchor_text|dirty_internal_link,,,," <h2 id=""stickyinflationjobsdrive973oddsforfedmarch2026hold"">Sticky inflation, jobs drive 97.3% odds for Fed March 2026 hold</h2><p><a href=""https://coincu.com/c/market/"">market</a>-implied odds of a hold in the Fed March 2026 rate decision have climbed to 97.3%, based on data from the CME FedWatch Tool. The current pricing implies no change <a href=""https://coincu.com/press-release/superform-expands-to-the-u-s-with-mobile-app-launch-for"
397420,bitcoin-holds-as-uk-watchdogs-eye-farages-stack-btc-stake,https://coincu.com/bitcoin-holds-as-uk-watchdogs-eye-farages-stack-btc-stake/,severe_format_like,delete,raw_url_in_parentheses|short_internal_anchor_text|dirty_internal_link,,,,"oncrypto"">How watchdog concerns differ from investor risk warnings on crypto</h3><p>Investor-protection warnings focus on consumer harm and <a href=""https://coincu.com/c/market/"">market</a> volatility; the UK’s financial regulator has described crypto as “high risk” with the potential for total losses, as reported by The Independent (https://www.independent.co.uk/news/business/kwasi-kwarteng-nigel-farage-london-reform-uk-thorn-b2934590.html?utm_"
397411,usdc-and-pyusd-used-in-aon-insurance-premium-pilot,https://coincu.com/usdc-and-pyusd-used-in-aon-insurance-premium-pilot/,severe_format_like,delete,raw_url_in_parentheses|dirty_internal_link,,,,"a-inu-but-this-token-under-0-002-is-the-meme-coin-to-watch-in-2025-according-to-2-separate-ai-models/"">according to</a> Aons press release (https://aon.mediaroom.com/2026-03-09-Aon-Announces-First-Stablecoin-Insurance-Premium-Payment?utm_source=openai). Initial transactions involved USDC on Ethereum and PYUSD on Solana.</p><p>The proof-of-concept centers on real premium settlement and operational learnings across treasury workflows. Objectives include speed, on-chain transparency, and settlement control usi"
397352,aave-hits-record-users-in-feb-as-basis-yields-collapse,https://coincu.com/aave-hits-record-users-in-feb-as-basis-yields-collapse/,severe_format_like,delete,raw_url_in_parentheses|short_internal_anchor_text|dirty_internal_link,,,,".</p><p>Greater scale can support liquidity depth and execution reliability for both borrowers and depositors, though it does not eliminate <a href=""https://coincu.com/c/market/"">market</a> or smart‑contract risk. MAU and TVL are activity measures, not guarantees of return or safety.</p><h2 id=""governancewatchpointsandmaumethodology"">Governance watchpoints and MAU methodology</h2><h3 id=""governancefrictionexitsandvotingpowerdisputesimpactsofar"">"
397118,oil-steadies-as-us-israel-strikes-raise-shipping-risks,https://coincu.com/oil-steadies-as-us-israel-strikes-raise-shipping-risks/,severe_format_like,delete,raw_url_in_parentheses|short_internal_anchor_text,,,,"d off-ramps in the US–Iran crisis</h2><h3 id=""neartermescalationpathsandproxydynamics"">Near-term escalation paths and proxy dynamics</h3><p><a href=""https://coincu.com/analysis/hype-faces-liquidation-trap-28-32-in-the-crosshairs/"">in the</a> near term, proxy fire by aligned militias, maritime incidents, and cross-border drone or missile exchanges remain plausible. Atlantic Council analysis has cautioned that disproportionate retaliation is possible as actors seek to restore deterrence.</p><p>Esca"
397106,core-scientific-secures-500m-364-day-loan-at-sofr250-bps,https://coincu.com/core-scientific-secures-500m-364-day-loan-at-sofr250-bps/,severe_format_like,delete,raw_url_in_parentheses|short_internal_anchor_text|dirty_internal_link,,,,"lds and customer onboarding. “The funding strengthens liquidity and financial flexibility, enabling us to execute our development and go-to-<a href=""https://coincu.com/c/market/"">market</a> strategy and accelerate timelines to make projects customer-ready,” said Adam Sullivan, CEO.</p><div data-zone-id=""0"" data-line-index=""0"" data-line=""true""><em><a href=""https://bingx.com/en/blog/article/bingx-la-gi-tim-hieu-tong-quan-ve-bingx"" target=""_blank"" "
397085,qatar-raises-security-level-after-mar-5-doha-strike,https://coincu.com/qatar-raises-security-level-after-mar-5-doha-strike/,severe_format_like,delete,raw_url_in_parentheses|short_internal_anchor_text|dirty_internal_link,,,,"ch-for-a-user-owned-neobank/"">to the</a> Times of Israel, Qatar’s defense ministry said air-defense systems were engaging incoming missiles <a href=""https://coincu.com/uncategorized/tokenized-gold-draws-bids-as-"">as </a>blasts were heard and smoke was visible over Doha (https://www.timesofisrael.com/liveblog_entry/qatar-says-air-defense-systems-intercepting-missile-attack/).</p><p>As reported by CNN, the defense ministry confirmed a barrage of missiles launched from Iran, wit"
396948,bitcoin-advances-as-spot-etf-inflows-lift-crypto-stocks,https://coincu.com/bitcoin-advances-as-spot-etf-inflows-lift-crypto-stocks/,severe_format_like,delete,raw_url_in_parentheses|short_internal_anchor_text|dirty_internal_link,,,,"development timelines, though outcomes still depend on legislative and rulemaking steps.</p><p>A research perspective frames today’s action <a href=""https://coincu.com/uncategorized/tokenized-gold-draws-bids-as-"">as </a>a broader rebound after prior underperformance. “bitcoin was more beaten down than equities,” said Alex Thorn, Head of Research at Galaxy Digital, as reported by the <a href=""https://www.ft.com/content/25683df2-43dd-4c81-8258-73b9fa0bebff"" target=""_blank"" rel="
396945,prediction-markets-face-rules-as-cftc-begins-rulemaking,https://coincu.com/prediction-markets-face-rules-as-cftc-begins-rulemaking/,severe_format_like,delete,raw_url_in_parentheses|short_internal_anchor_text|dirty_internal_link,,,,"ulemaking"">White House review of forecasting markets: what it means for CFTC rulemaking</h2><p>The White House is reviewing new forecasting-<a href=""https://coincu.com/c/market/"">market</a> measures proposed by the Commodity Futures Trading Commission. The review signals executive-branch scrutiny of how CFTC prediction market rulemaking could define permissible <a href=""https://coincu.com/uncategorized/kalshi-wins-tennessee-ruling-event-contract"
396939,anthropic-faces-u-s-phase-out-as-dod-flags-supply-risk,https://coincu.com/anthropic-faces-u-s-phase-out-as-dod-flags-supply-risk/,severe_format_like,delete,raw_url_in_parentheses|short_internal_anchor_text|dirty_internal_link,,,," Anthropic declined to remove guardrails limiting use of its AI for mass domestic surveillance and fully autonomous weapons, as reported by <a href=""https://coincu.com/c/news/"">news</a>/2026/feb/26/anthropic-pentagon-claude&#8221; target=&#8221;_blank&#8221; rel=&#8221;nofollow noopener&#8221;>The Guardian</a> (https://www.theguardian.com/us-news/2026/feb/26/anthropic-pentagon-claude). That refusal triggered an acquisition and security revie"
396926,crypto-exchanges-face-20-cap-as-s-korea-agrees-on-rules,https://coincu.com/crypto-exchanges-face-20-cap-as-s-korea-agrees-on-rules/,severe_format_like,delete,raw_url_in_parentheses|short_internal_anchor_text|dirty_internal_link,,,,"lower governance concentration risks.</p><p>For large platforms, the rule would require cap-table changes and could prompt restructuring at <a href=""https://coincu.com/c/market/"">market</a> leaders. According to <a href=""https://financefeeds.com/south-korea-proposes-20-ownership-cap-for-major-crypto-exchange-shareholders/"" target=""_blank"" rel=""nofollow noopener"">FinanceFeeds</a> (https://financefeeds.com/south-korea-proposes-20-ownership-cap-for"
396886,kospi-sinks-12-on-85-oil-won-slides-on-mideast-shock,https://coincu.com/kospi-sinks-12-on-85-oil-won-slides-on-mideast-shock/,severe_format_like,delete,raw_url_in_parentheses|dirty_internal_link,,,,"latility spiked. As reported by Maeil Business Newspaper, the rout accelerated in a “panic market” amid fallout from the U.S.–Iran conflict (https://www.mk.co.kr/en/stock/11978685).</p><h2 id=""whyitmattersforenergyimportingkoreainflationgrowthwon"">Why it matters for energy‑importing Korea: inflation, growth, won</h2><p>An oil price shock raises Korea’s import bill and can filter into headline CPI via energy and transportation, while com"
396851,stablecoins-draw-focus-after-reported-trump-armstrong-talks,https://coincu.com/stablecoins-draw-focus-after-reported-trump-armstrong-talks/,severe_format_like,delete,raw_url_in_parentheses|short_internal_anchor_text|dirty_internal_link,,,,"uesdaymeetingwithcoinbaseceobrianarmstrong"">Current status: unconfirmed Tuesday meeting with Coinbase CEO Brian Armstrong</h2><p>Reports in <a href=""https://coincu.com/c/news/"">news</a>/crypto/&#8221;>crypto</a> media claim a private Tuesday meeting between Donald Trump and Coinbase CEO Brian Armstrong. However, the meeting remains unconfirmed by on-record statements from the principals or major mainstream outlets.</p><p><a href=""https://cry"
396814,fed-outlook-steadies-as-williams-ties-cuts-to-inflation,https://coincu.com/fed-outlook-steadies-as-williams-ties-cuts-to-inflation/,severe_format_like,delete,raw_url_in_parentheses|short_internal_anchor_text|dirty_internal_link,,,,"nce accumulates. It ties the slope and timing of any easing to realized inflation trends and the broader dual‑mandate assessment.</p><p>For <a href=""https://coincu.com/c/market/"">market</a> participants, that implies scenario‑based planning rather than date‑based expectations. Officials emphasize momentum in inflation measures, with attention to gauges such as CPI and <a href=""https://coincu.com/analysis/us-core-pce-increase-september/"">core pce"
396811,bitcoin-steadies-as-dwf-labs-reveals-token-buys-last-month,https://coincu.com/bitcoin-steadies-as-dwf-labs-reveals-token-buys-last-month/,severe_format_like,delete,raw_url_in_parentheses|short_internal_anchor_text|dirty_internal_link,,,,"/coincu.com/uncategorized/dwf-labs-defi-seed-investment/"">dwf labs</a> accumulated a large number of tokens last month in anticipation of a <a href=""https://coincu.com/c/market/"">market</a> rebound. The announcement referenced Bitcoin (BTC), BNB, and various altcoins.</p><p>The timing suggests accumulation into perceived weakness, a common approach for market makers preparing inventory for liquidity provision. The source report did not specify a"
396752,bitcoin-sees-supply-risk-as-mara-widens-2026-policy,https://coincu.com/bitcoin-sees-supply-risk-as-mara-widens-2026-policy/,severe_format_like,delete,raw_url_in_parentheses|short_internal_anchor_text|dirty_internal_link,,,,"d-231-million-bitcoin-backed-investment-amid-market-turbulence/&#8221;>balance sheet</a> to fund operations and capital needs, according to <a href=""https://coincu.com/wp-admin/post"">post</a>/391979/mara-opens-door-to-selling-stockpiled-bitcoin-in-new-policy-shift&#8221; target=&#8221;_blank&#8221; rel=&#8221;nofollow noopener&#8221;>The Block</a> (https://www.theblock.co/post/391979/mara-opens-door-to-selling-stockpiled-bitcoin-in-new-policy-shif"
396741,aave-faces-governance-rift-as-aci-plans-july-exit,https://coincu.com/aave-faces-governance-rift-as-aci-plans-july-exit/,severe_format_like,delete,raw_url_in_parentheses|short_internal_anchor_text|dirty_internal_link,,,," this writing, AAVE trades near $112.17 with an RSI around 50.56 and volatility near 5.43%. These metrics are provided solely as contextual <a href=""https://coincu.com/c/market/"">market</a> background.</p><h2 id=""contextaciaavelabsandtheaavewillwinproposal"">Context: ACI, Aave Labs, and the Aave Will Win proposal</h2><p>ACI operates as a service provider and delegate platform within Aave DAO governance, while Aave Labs is the core builder behind "
396704,palantir-sees-280m-thiel-sale-filing-per-sec-form-4,https://coincu.com/palantir-sees-280m-thiel-sale-filing-per-sec-form-4/,severe_format_like,delete,raw_url_in_parentheses|dirty_internal_link,,,,"w completed sales in early May 2024 totaling about $273.5 million via Rivendell 7 LLC and STS Holdings II LLC, as reported by Investing.com (https://www.investing.com/news/company-news/peter-thiel-sells-2735-million-in-palantir-stock-3435634).</p><p>According to the U.S. Securities and Exchange Commission, “Form 4” is the “Statement of Changes in Beneficial Ownership.” These filings also disclose whether trades occurred under a Rule 10b5-1 trading plan and identify the reporting person’s vehicles "
396656,digital-yen-advances-as-boj-tests-agora-settlement-finality,https://coincu.com/digital-yen-advances-as-boj-tests-agora-settlement-finality/,severe_format_like,delete,raw_url_in_parentheses|dirty_internal_link,,,,"f=""https://www.bis.org/review/r240306a.htm"" target=""_blank"" rel=""nofollow noopener"">according to the Bank for International Settlements</a> (https://www.bis.org/review/r240306a.htm?utm_source=openai). The model aims to reduce reconciliation frictions and could support safer cross‑border delivery‑versus‑payment.</p><p>Leadership has cautioned that any DLT used for core settlement must satisfy demanding thresholds for throughput, governance, and legal enfor"
396611,brent-crude-climbs-as-u-s-iran-tensions-escalate,https://coincu.com/brent-crude-climbs-as-u-s-iran-tensions-escalate/,severe_format_like,delete,raw_url_in_parentheses|short_internal_anchor_text|dirty_internal_link,,,,"ave framed recent strikes as bounded and focused on specific capabilities, while rejecting regime change as an objective. As reported by AP <a href=""https://coincu.com/c/news/"">news</a>, Defense Secretary Pete Hegseth said the conflict is not “endless,” signaling intent to limit scope (https://apnews.com/article/85f4139b11e5191d880a6e114e1b5a62?utm_source=openai).</p><h2 id=""escalationpathsandunleddeescalationofframps"">Escalation paths and U"
396602,nobitex-outflows-jump-700-after-u-s-israeli-strikes,https://coincu.com/nobitex-outflows-jump-700-after-u-s-israeli-strikes/,severe_format_like,delete,raw_url_in_parentheses|short_internal_anchor_text|dirty_internal_link,,,," withdrawals and capital‑flight proxies rose around prior Iran–Israel escalations, including a reported pre‑strike surge exceeding 150% and <a href=""https://coincu.com/wp-admin/post"">post</a>‑hack shifts: lower incoming volumes and higher outflows.</p><p>Public risk analytics so far stop short of validating a 700% estimate beyond Elliptic’s post‑strike snapshot. The magnitude should be treated as preliminary pending further cross‑checks.</p><h3 id"
396548,treasury-yields-climb-as-oil-surge-cools-rate-cut-hopes,https://coincu.com/treasury-yields-climb-as-oil-surge-cools-rate-cut-hopes/,severe_format_like,delete,raw_url_after_colon|dirty_internal_link,,,,".cnbc.com/2024/04/16/lagarde-says-ecb-will-cut-rates-soon-barring-any-major-surprises.html"" target=""_blank"" rel=""nofollow noopener"">CNBC</a>: https://www.cnbc.com/2024/04/16/lagarde-says-ecb-will-cut-rates-soon-barring-any-major-surprises.html).</p><p>Independent analysts are striking a similar tone. Said Mark Zandi, chief economist at Moody’s Analytics, the latest oil surge <a href=""https://coincu.com/analysis/dogecoin-faces-triangle-rejection-is-a-drop-to-0-11464-next-dogecoin/"">is a</a> top macro "
396385,centcom-guidance-holds-amid-sea-lake-ranch-claims,https://coincu.com/centcom-guidance-holds-amid-sea-lake-ranch-claims/,severe_format_like,delete,raw_url_in_parentheses|dirty_internal_link,,,,"Sea Lake Ranch,” said <a href=""https://x.com/bpaynews/status/2027692306371907632"" target=""_blank"" rel=""nofollow noopener"">bpaynews on X</a> (https://x.com/bpaynews/status/2027692306371907632).</p><h3 id=""whattodowhenclaimslacksourcesorverifiabledetails"">What to do when claims lack sources or verifiable details</h3><p>Note the absence of primary documents, state the review time, and avoid definitive language. Seek official statements, then update h"
396373,npt-faces-strain-as-iaea-reviews-enrichment-breakout-time,https://coincu.com/npt-faces-strain-as-iaea-reviews-enrichment-breakout-time/,severe_format_like,delete,raw_url_in_parentheses|short_internal_anchor_text|dirty_internal_link,,,,"s warn that using force against nuclear sites without broad diplomatic backing can erode the global nonproliferation regime, as reported by <a href=""https://coincu.com/c/news/"">news</a>/iran-nuclear-nonproliferation&#8221; target=&#8221;_blank&#8221; rel=&#8221;nofollow noopener&#8221;>Common Dreams</a> (https://www.commondreams.org/news/iran-nuclear-nonproliferation). Weakening verification norms elsewhere could be an unintended consequence"
396331,dubai-airports-suspends-flights-amid-burj-khalifa-evacuation,https://coincu.com/dubai-airports-suspends-flights-amid-burj-khalifa-evacuation/,severe_format_like,delete,raw_url_in_parentheses|short_internal_anchor_text,,,,"circulated the same day. No accountable outlet or regulator has published confirmation, and the status of any evacuation remains unverified <a href=""https://coincu.com/knowledge/cysic-breakthrough-in-the-zk-hardware/"">in the</a> available record.</p><h2 id=""whyitmattersfortravelersanddubairesidents"">Why it matters for travelers and Dubai residents</h2><p>For travelers, a full operational halt affects slot allocations, aircraft rotations, and crew duty limits, often cascading into can"
396326,google-maps-tested-in-pentagon-pizza-index-june-12-check,https://coincu.com/google-maps-tested-in-pentagon-pizza-index-june-12-check/,severe_format_like,delete,raw_url_in_parentheses|short_internal_anchor_text|dirty_internal_link,,,,"-pentagon-pizza-tracker-question-10832131?utm_source=openai), the Department of Defense said the cited timeline does not align with events. <a href=""https://coincu.com/knowledge/cysic-breakthrough-in-the-zk-hardware/"">in the</a> same interview, Defense Secretary Pete Hegseth suggested the department could place random pizza orders to confuse trackers, underscoring skepticism about the method.</p><p>As reported by Washingtonian (https://www.washingtonian.com/2025/06/26/did-busy-pizza-"
396314,crypto-vc-funding-slips-to-864m-in-feb-2026-down-19-3,https://coincu.com/crypto-vc-funding-slips-to-864m-in-feb-2026-down-19-3/,severe_format_like,delete,raw_url_in_parentheses|short_internal_anchor_text|dirty_internal_link,,,,"><p>Institutional flows can tighten or loosen venture conditions by affecting liquidity and risk appetite. When ETF inflows soften, private <a href=""https://coincu.com/c/market/"">market</a> pacing often follows with smaller, more selective rounds.</p><p>At the time of this writing, Ethereum (ETH) traded near $1,871 with very high short‑term volatility, based on provided metrics. This market backdrop is context, not a funding driver by itself.</p"
396169,dualpath-lifts-throughput-as-rdma-eases-kv-cache-i-o,https://coincu.com/dualpath-lifts-throughput-as-rdma-eases-kv-cache-i-o/,severe_format_like,delete,raw_url_in_parentheses|short_internal_anchor_text,,,,"ompute and network use.</p><p>In production, the headline result is higher tokens‑per‑second per cluster without measurable TTFT regression <a href=""https://coincu.com/knowledge/cysic-breakthrough-in-the-zk-hardware/"">in the</a> reported tests. That combination supports steadier user experience while raising capacity.</p><p>Organizations should still validate under their own mixes, as realized gains depend on cache reuse patterns, sequence lengths, and interconnect quality.</p><h2 id"
396157,pwc-outlines-ai-shift-as-firms-upskill-to-manage-job-risk,https://coincu.com/pwc-outlines-ai-shift-as-firms-upskill-to-manage-job-risk/,severe_format_like,delete,raw_url_in_parentheses|short_internal_anchor_text|dirty_internal_link,,,,"p>At the time of this writing, NVIDIA (NVDA) closed at 184.89 on February 26, down 5.49%, and traded around 185.81 overnight; its intra-day <a href=""https://coincu.com/c/market/"">market</a> cap was about $4.50 trillion, based on data from NasdaqGS.</p><div data-zone-id=""0"" data-line-index=""0"" data-line=""true""><em><a href=""https://bingx.com/en/blog/article/bingx-la-gi-tim-hieu-tong-quan-ve-bingx"" target=""_blank"" rel=""noopener"">BingX</a>: a truste"
396090,nvidia-nvda-sees-13f-scrutiny-amid-continue-capital-claim,https://coincu.com/nvidia-nvda-sees-13f-scrutiny-amid-continue-capital-claim/,severe_format_like,delete,raw_url_in_parentheses|short_internal_anchor_text,,,,"n $20 million or realized $1.33 million in long-position gains. There are no corroborating regulatory disclosures or major newsroom reports <a href=""https://coincu.com/knowledge/cysic-breakthrough-in-the-zk-hardware/"">in the</a> reviewed record.</p><p>The lack of verification does not, by itself, disprove the claim. It often reflects timing lags, reporting scopes, or naming differences between investment vehicles and management entities.</p><h2 id=""whythismattersforsec13fverification"
396078,anthropic-weighs-ai-guardrails-amid-pentagon-push,https://coincu.com/anthropic-weighs-ai-guardrails-amid-pentagon-push/,severe_format_like,delete,raw_url_in_parentheses|short_internal_anchor_text|dirty_internal_link,,,,"coreviewsmuskremarks"">Pentagon pressing Anthropic on weapons and surveillance guardrails; Mexico reviews Musk remarks</h3><p>As reported by <a href=""https://coincu.com/c/news/"">news</a>/2026/feb/24/anthropic-claude-military-ai?utm_source=openai&#8221; target=&#8221;_blank&#8221; rel=&#8221;nofollow noopener&#8221;>The Guardian</a> (https://www.theguardian.com/us-news/2026/feb/24/anthropic-claude-military-ai), Defense officials pressed Anthro"
396069,ethereum-outlines-seven-forks-by-2029-in-strawmap,https://coincu.com/ethereum-outlines-seven-forks-by-2029-in-strawmap/,severe_format_like,delete,raw_url_in_parentheses|short_internal_anchor_text|dirty_internal_link,,,,"esearcher Justin Drake outlined seven planned forks and five long-term goals spanning finality, throughput, data availability, privacy, and <a href=""https://coincu.com/wp-admin/post"">post</a>-quantum security (https://blockonomi.com/ethereum-foundations-justin-drake-unveils-strawmap-roadmap-with-seven-forks-planned-through-2029/).</p><p>Strawmap functions as a coordination device to align clients and researchers around desired end-states rather th"
396066,u-s-treasuries-steady-as-fed-independence-faces-pressure,https://coincu.com/u-s-treasuries-steady-as-fed-independence-faces-pressure/,severe_format_like,delete,raw_url_in_parentheses|short_internal_anchor_text|dirty_internal_link,,,,"hority (https://www.americanbanker.com/news/bankers-back-fed-independence-as-scotus-mulls-removability).</p><p>At the time of this writing, <a href=""https://coincu.com/c/market/"">market</a> context reflects a cautious backdrop; based on NYSE delayed quotations, State Street Corporation’s STT-PG closed at $22.98, with a stated forward dividend yield of 5.82% and a March 2, 2026 ex-date.</p><h2 id=""legalsafeguardsandstructureofthefederalreserve"">L"
395887,poca-civil-recovery-guides-chinese-victim-claims-in-cps-case,https://coincu.com/poca-civil-recovery-guides-chinese-victim-claims-in-cps-case/,severe_format_like,delete,raw_url_in_parentheses|dirty_internal_link,,,,"aud-exposed/"">qian zhimin</a> (also known as Yadi Zhang) began at Southwark Crown Court on September 29, 2025, and ran for roughly 12 weeks (https://www.caixinglobal.com/2025-09-29/exclusive-alleged-chinese-mastermind-behind-massive-bitcoin-money-laundering-stands-trial-in-uk-102367499.html). The report also notes a proposed compensation scheme for Chinese victims under the UK Proceeds of Crime Act (POCA), led by the UK Director of Public Prosecutions.</p><p><a href=""https://www.weex.com/news/detail/qian-zhimin-case-holds-first-hearing-of-the-yea"
395026,bitcoin-holds-as-fed-prioritizes-inflation-over-rate-cuts,https://coincu.com/bitcoin-holds-as-fed-prioritizes-inflation-over-rate-cuts/,severe_format_like,delete,raw_url_in_parentheses|short_internal_anchor_text|dirty_internal_link,,,,"er-owned-neobank/"">to the</a> Dallas Fed, Lorie Logan has warned that persistent inflation alongside resilient demand and only modest labor <a href=""https://coincu.com/c/market/"">market</a> slack leaves little room to cut without slipping into an inappropriately accommodative stance.</p><h2 id=""whatwouldtriggerthefedtorestartinterestratecuts"">What would trigger the Fed to restart interest rate cuts</h2><p>Triggers would likely include a durable "
394865,bitcoin-trades-as-saylor-notes-24-7-market-mstr-quiet,https://coincu.com/bitcoin-trades-as-saylor-notes-24-7-market-mstr-quiet/,severe_format_like,delete,raw_url_in_parentheses|short_internal_anchor_text|dirty_internal_link,,,,"tersdisclosurerulesverificationandcontext"">Why this matters: disclosure rules, verification, and context</h2> <p>Material corporate actions <a href=""https://coincu.com/knowledge/cysic-breakthrough-in-the-zk-hardware/"">in the</a> United States are communicated through formal channels. According <a href=""https://coincu.com/press-release/superform-expands-to-the-u-s-with-mobile-app-launch-for-a-user-owned-neobank/"">to the</a> U.S. Securities and Exchange Commission, significant events m"
394096,u-s-treasury-yields-ease-before-nfp-as-fed-cuts-priced,https://coincu.com/u-s-treasury-yields-ease-before-nfp-as-fed-cuts-priced/,severe_format_like,delete,raw_url_in_parentheses|dirty_internal_link,,,," disproportionate downward pressure on two-year yields while longer maturities decline more modestly due to issuance and policy uncertainty (https://www.truist.com/wealth/insights/economic-commentary/ec-9). Their base case anticipates the earliest <a href=""https://coincu.com/uncategorized/us-labor-market-rate-cuts-3/"">rate cuts</a> beginning in spring 2026 if conditions persist.</p><p>As reported by AP News, the Congressional Budget Office projects short-term r"
388889,figure-technology-open-equity-tokens,https://coincu.com/figure-technology-open-equity-tokens/,utm_source_chatgpt,delete,,1,1,https://www.sec.gov/Archives/edgar/data/2064124/000162828025041443/figuretechnologysolutionsi.htm?utm_source=chatgpt.com,
386530,stephen-moore-trump-tariffs-debate,https://coincu.com/stephen-moore-trump-tariffs-debate/,utm_source_chatgpt,delete,,1,1,https://budgetlab.yale.edu/research/where-we-stand-fiscal-economic-and-distributional-effects-all-us-tariffs-enacted-2025-through-april?utm_source=chatgpt.com,
378810,beginner-friendly-instructions-to-buy-little-pepe-lilpepe,https://coincu.com/beginner-friendly-instructions-to-buy-little-pepe-lilpepe/,utm_source_chatgpt,delete,,3,1,https://littlepepe.com?utm_source=chatgpt.com,
371829,3-most-bullish-tokens-today-as-ripple-prepares-to-raise-at-least-1-billion-to-buy-xrp,https://coincu.com/3-most-bullish-tokens-today-as-ripple-prepares-to-raise-at-least-1-billion-to-buy-xrp/,utm_source_chatgpt,delete,,1,1,https://www.reuters.com/business/ripple-backed-evernorth-set-raise-over-1-billion-us-listing-hoard-xrp-token-2025-10-20/?utm_source=chatgpt.com,
367427,sec-eyes-xrp-doge-ltc-etfs,https://coincu.com/sec-eyes-xrp-doge-ltc-etfs/,utm_source_chatgpt,delete,,1,1,https://www.washingtonpost.com/business/2025/10/01/government-shutdown-deadline-congress-funding/?utm_source=chatgpt.comhttps://www.washingtonpost.com/business/2025/10/01/government-shutdown-deadline-congress-funding/?utm_source=chatgpt.comhttps://www.washingtonpost.com/business/2025/10/01/government-shutdown-deadline-congress-funding/?utm_source=chatgpt.com,
366724,ripple-xrp-aims-for-new-aths-while-another-rising-crypto-aims-to-beat-asters-aster-record-with-quicker-100x-gains,https://coincu.com/ripple-xrp-aims-for-new-aths-while-another-rising-crypto-aims-to-beat-asters-aster-record-with-quicker-100x-gains/,utm_source_chatgpt,delete,,1,1,https://coinmarketcap.com/currencies/aster/?utm_source=chatgpt.com,
366046,top-5-explosive-crypto-projects-for-the-next-bull-run-top-coins-dominating-in-2025-beyond-solana-and-dogecoin,https://coincu.com/top-5-explosive-crypto-projects-for-the-next-bull-run-top-coins-dominating-in-2025-beyond-solana-and-dogecoin/,utm_source_chatgpt,delete,,5,5,https://coinmarketcap.com/currencies/meme/?utm_source=chatgpt.com,
365944,polkadot-sui-etfs-appear-on-dtcc,https://coincu.com/polkadot-sui-etfs-appear-on-dtcc/,utm_source_chatgpt,delete,,1,1,https://www.dtcc.com/charts/exchange-traded-funds?utm_source=chatgpt.com,
363118,dogecoin-and-one-ethereum-coin-under-0-0025-named-most-important-meme-coins-in-2025-heres-how-one-could-35x-your-wealth,https://coincu.com/dogecoin-and-one-ethereum-coin-under-0-0025-named-most-important-meme-coins-in-2025-heres-how-one-could-35x-your-wealth/,utm_source_chatgpt,delete,,1,1,https://www.tradingview.com/symbols/DOGEUSD/?utm_source=chatgpt.com,
362410,ozak-ai-partners-with-pyth-network-to-deliver-real-time-market-data-across-100-blockchains,https://coincu.com/ozak-ai-partners-with-pyth-network-to-deliver-real-time-market-data-across-100-blockchains/,utm_source_chatgpt,delete,,2,2,"https://cointelegraph.com/market-releases/ozak-ai-presale-crosses-2m-with-strong-partnerships-global-roadshows-and-growing-community?utm_source=chatgpt.com"">SINT</a",
360159,btc-eth-and-xrp-price-trends-mining-smarter-with-swl-miners-cloud-platform,https://coincu.com/btc-eth-and-xrp-price-trends-mining-smarter-with-swl-miners-cloud-platform/,utm_source_chatgpt,delete,,1,1,https://swlminer.com?utm_source=chatgpt.com,
360125,top-5-most-trusted-crypto-exchanges-today-which-is-the-smart-choice-for-investors,https://coincu.com/top-5-most-trusted-crypto-exchanges-today-which-is-the-smart-choice-for-investors/,utm_source_chatgpt,delete,,4,4,https://www.binance.com?utm_source=chatgpt.com,
359962,nowpayments-to-participate-in-sigma-europe-rome-2025,https://coincu.com/nowpayments-to-participate-in-sigma-europe-rome-2025/,utm_source_chatgpt,delete,,1,1,"https://sigma.world/news/cast-your-vote-sigma-euro-med-awards-2025-shortlist-revealed/?utm_source=chatgpt.com"">SiGMA",
359921,coinw-celebrates-8-years-of-commitment-with-15m-users-and-trillions-in-trading-volume,https://coincu.com/coinw-celebrates-8-years-of-commitment-with-15m-users-and-trillions-in-trading-volume/,utm_source_chatgpt,delete,,1,1,https://tw.news.yahoo.com/7th-hit-ai-blockchain-summit-030000356.html?utm_source=chatgpt.com&amp;guccounter=1&amp;guce_referrer=aHR0cHM6Ly93d3cuZ29vZ2xlLmNvbS8&amp;guce_referrer_sig=AQAAAG_Lb0LueUaBSe18PUQr8ATXovNk3gDNNYPFG13weTm9_dizQjDqbLrFZRRIf7I8sQwvoWFfB59lCFBu7AHU-5gKXM4MIpAWW6mCVTWQH6zJOJNFDZW-Q5KtRTr_qwXeMq77lgG0gl0pV9xonFUsi5p40pqYrz5xUW-QpgZpTcFM,
358728,ethereum-based-meme-project-pepeto-pepeto-surges-past-6-5m-in-presale,https://coincu.com/ethereum-based-meme-project-pepeto-pepeto-surges-past-6-5m-in-presale/,utm_source_chatgpt,delete,,1,1,"https://pepeto.io/?utm_source=chatgpt.com"">pepeto.io</a",
357863,solana-predicted-to-overtake-xrp-before-cycle-top-but-sol-ripple-holders-are-diversifying-elsewhere-for-bigger-roi,https://coincu.com/solana-predicted-to-overtake-xrp-before-cycle-top-but-sol-ripple-holders-are-diversifying-elsewhere-for-bigger-roi/,utm_source_chatgpt,delete,,4,4,https://blocktelegraph.io/little-pepe-lilpepe-rockets-past-19-3-million-in-presale-as-10th-stage-ends-early/?utm_source=chatgpt.com,
352712,what-is-suilend-sui-lending-protocol,https://coincu.com/what-is-suilend-sui-lending-protocol/,utm_source_chatgpt,delete,,2,1,https://medium.com/%40The_Eze/why-you-should-be-looking-at-sui-930ba015964b?utm_source=chatgpt.com,
352648,1234-are-whales-leaving-solana-for-good-heres-where-the-big-wallets-are-moving-now,https://coincu.com/1234-are-whales-leaving-solana-for-good-heres-where-the-big-wallets-are-moving-now/,utm_source_chatgpt,delete,,2,1,https://www.ainvest.com/news/solana-news-today-solana-whales-migrate-remittix-network-faces-1-4m-address-drop-declining-confidence-2507/?utm_source=chatgpt.com,
347656,solana-price-prediction-sol-to-break-220-in-july-as-new-viral-coin-under-0-002-gears-up-for-sharp-7200-rise,https://coincu.com/solana-price-prediction-sol-to-break-220-in-july-as-new-viral-coin-under-0-002-gears-up-for-sharp-7200-rise/,utm_source_chatgpt,delete,,5,5,https://finbold.com/crypto-investor-who-bought-dogecoin-doge-at-0-004-says-little-pepe-lilpepe-feels-like-a-bigger-opportunity/?utm_source=chatgpt.com,
344458,articleid-xrp-price-prediction-veteran-trader-sees-8-target-by-2026-is-now-the-moment-to-load-up-on-xrp,https://coincu.com/articleid-xrp-price-prediction-veteran-trader-sees-8-target-by-2026-is-now-the-moment-to-load-up-on-xrp/,utm_source_chatgpt,delete,,5,5,https://cryptorank.io/news/feed/39b12-xrp-whale-count-hits-record-as-canada-s-first-spot-etf-goes-live?utm_source=chatgpt.com,
343736,avail-goes-full-stack-to-capture-300bn-global-blockchain-infra-market,https://coincu.com/avail-goes-full-stack-to-capture-300bn-global-blockchain-infra-market/,utm_source_chatgpt,delete,,1,1,"https://www.globenewswire.com/news-release/2025/03/05/3037648/0/en/Blockchain-Technology-Market-Outlook-2025-2030-with-Blockchain-Market-Case-Studies-for-Honeywell-Aerospace-SGX-Zug-Digital-ING-Group-and-more.html?utm_source=chatgpt.com"">$306",
341315,lazarus-group-cross-chain-bridge,https://coincu.com/lazarus-group-cross-chain-bridge/,utm_source_chatgpt,delete,,1,1,https://www.fbi.gov/news/press-releases/fbi-identifies-lazarus-group-cyber-actors-as-responsible-for-theft-of-41-million-from-stakecom?utm_source=chatgpt.com,
340041,crypto-stocks-surge-pre-market,https://coincu.com/crypto-stocks-surge-pre-market/,utm_source_chatgpt,delete,,1,1,https://www.sec.gov/Archives/edgar/data/1679788/000167978825000089/coin-20250331.htm?utm_source=chatgpt.com,
329230,coincall-debuts-on-top-5-crypto-options-exchanges-by-volume-announces-earn-while-you-trade-feature,https://coincu.com/coincall-debuts-on-top-5-crypto-options-exchanges-by-volume-announces-earn-while-you-trade-feature/,utm_source_chatgpt,delete,,1,1,"https://www.fxstreet.com/cryptocurrencies/news/coinbase-in-5b-talks-to-acquire-deribit-worlds-largest-btc-and-eth-options-trading-platform-202503212233?utm_source=chatgpt.com""><strong>Coinbase</strong></a",
325850,sol-strategies-expands-solana-laine-validator,https://coincu.com/sol-strategies-expands-solana-laine-validator/,utm_source_chatgpt,delete,,2,1,https://solstrategies.io/sol-strategies-announces-definitive-agreement-to-acquire-leading-validators-and-appointment-of-michael-hubbard-as-chief-strategy-officer/?utm_source=chatgpt.com,
325275,rnt-the-token-for-real-estate-tokenization,https://coincu.com/rnt-the-token-for-real-estate-tokenization/,utm_source_chatgpt,delete,,2,2,"https://www.economiadehoy.es/la-startup-reental-co-tokeniza-inmuebles-democratizando-la-inversion-en-el-sector-inmobiliario?utm_source=chatgpt.com"">economiadehoy.es</a>)</p",
324171,ftt-jumps-40-after-sam-bankman-fried-tweet,https://coincu.com/ftt-jumps-40-after-sam-bankman-fried-tweet/,utm_source_chatgpt,delete,,2,1,https://www.reuters.com/world/us/civil-rights-groups-decry-effort-punish-us-federal-inmates-social-media-use-2024-04-01/?utm_source=chatgpt.com,
322048,pi-network-expected-to-list-but-may-crash,https://coincu.com/pi-network-expected-to-list-but-may-crash/,utm_source_chatgpt,delete,,2,1,https://www.bitget.com/blog/articles/bitget-pi-network-listing?utm_source=chatgpt.com,
305264,jd-vance-net-worth,https://coincu.com/jd-vance-net-worth/,utm_source_chatgpt,delete,,2,1,https://www.wsj.com/articles/venture-firm-narya-sees-boost-in-interest-after-co-founder-jd-vances-nomination-6db1debd?utm_source=chatgpt.com,
296633,paris-blockchain-week-2025-introduces-new-hybrid-hackathon-to-build-the-future-of-blockchain,https://coincu.com/paris-blockchain-week-2025-introduces-new-hybrid-hackathon-to-build-the-future-of-blockchain/,utm_source_chatgpt,delete,,1,1,https://museigen.io/industry-titans-to-speak-at-paris-blockchain-week-2025/?utm_source=chatgpt.com,
293347,will-bitcoin-crash-or-soar-past-105k-in-2024,https://coincu.com/will-bitcoin-crash-or-soar-past-105k-in-2024/,utm_source_chatgpt,delete,,2,1,https://www.investopedia.com/watch-these-bitcoin-price-levels-as-cryptocurrency-mints-a-new-record-high-above-usd94k-8748433?utm_source=chatgpt.com,
238569,how-to-get-goerli-eth-token,https://coincu.com/how-to-get-goerli-eth-token/,severe_format_like,delete,raw_url_in_parentheses|raw_url_after_colon|dirty_internal_link,,,,"p> <h4><strong>Step 5: Accessing Goerli Testnet Resources</strong></h4> <p>Explore the Goerli Testnet using the provided Block Explorer URL (https://goerli.etherscan.io) to monitor transactions, smart contracts, and other activities within the test environment.</p> <h3><strong>Faucet Goerli ETH token</strong></h3> <p>Joining the Goerli Testnet is just the beginning; to truly unlock its potential for <a href=""https://coincu.co"
