post_id,date,status,slug,url
393648,2026-02-06T04:37:32,publish,trump-linked-trader-shorted-150m-marketwide,https://coincu.com/trump-linked-trader-shorted-150m-marketwide/
393654,2026-02-06T07:35:13,publish,crypto-market-recap-january-2026,https://coincu.com/crypto-market-recap-january-2026/
393671,2026-02-06T09:17:31,publish,treasury-yields-steady-as-shutdown-delays-jobs-cpi,https://coincu.com/treasury-yields-steady-as-shutdown-delays-jobs-cpi/
393676,2026-02-06T13:14:03,publish,bitcoin-trades-at-korea-discount-as-bithumb-gap-widens,https://coincu.com/bitcoin-trades-at-korea-discount-as-bithumb-gap-widens/
393683,2026-02-06T14:24:49,publish,phemex-introduces-24-7-tradfi-futures-trading-with-0-fee-carnival,https://coincu.com/phemex-introduces-24-7-tradfi-futures-trading-with-0-fee-carnival/
393687,2026-02-06T16:41:37,publish,ethereum-breakdown-price-falls-10,https://coincu.com/ethereum-breakdown-price-falls-10/
393693,2026-02-06T17:38:38,publish,bitcoin-crash-ahead-31-say-55k-still,https://coincu.com/bitcoin-crash-ahead-31-say-55k-still/
393699,2026-02-06T18:15:11,publish,xrp-recovery-faces-test-1-50-resistance,https://coincu.com/xrp-recovery-faces-test-1-50-resistance/
393704,2026-02-06T19:34:24,publish,mstr-soars-20-as-td-cowen-doubles-down,https://coincu.com/mstr-soars-20-as-td-cowen-doubles-down/
393707,2026-02-06T19:55:05,publish,stellar-on-edge-break-above-0-183,https://coincu.com/stellar-on-edge-break-above-0-183/
393715,2026-02-07T07:21:07,publish,funtoken-faces-pressure-as-751m-fun-moves-to-binance,https://coincu.com/funtoken-faces-pressure-as-751m-fun-moves-to-binance/
393718,2026-02-07T12:50:45,publish,infinite-possibilities-announces-upcoming-launch-of-proof-of-activity-dex-and-ip-membership-program,https://coincu.com/infinite-possibilities-announces-upcoming-launch-of-proof-of-activity-dex-and-ip-membership-program/
393727,2026-02-07T13:36:54,publish,xrp-ledger-the-new-standard-for-on-chain,https://coincu.com/xrp-ledger-the-new-standard-for-on-chain/
393733,2026-02-07T14:02:58,publish,ethereum-shake-upvitalik-metamask-70b,https://coincu.com/ethereum-shake-upvitalik-metamask-70b/
393736,2026-02-07T14:50:46,publish,21shares-files-for-ondo-etf,https://coincu.com/21shares-files-for-ondo-etf/
393741,2026-02-07T16:07:48,publish,eth-etf-outflows-21-3m-as-blackrock-dump,https://coincu.com/eth-etf-outflows-21-3m-as-blackrock-dump/
393745,2026-02-07T16:48:06,publish,ethereum-reclaims-2000-bulls-target-break,https://coincu.com/ethereum-reclaims-2000-bulls-target-break/
393749,2026-02-07T21:30:09,publish,dogecoin-defends-key-support-reclaim,https://coincu.com/dogecoin-defends-key-support-reclaim/
393754,2026-02-08T10:05:00,publish,solana-giant-fwdi-sits-on-1b-paper-loss,https://coincu.com/solana-giant-fwdi-sits-on-1b-paper-loss/
393757,2026-02-08T10:39:19,publish,dogeball-vs-digitap-vs-blazpay-why-dogeball-is-the-best-crypto-presale-this-weekend-for-100x-growth,https://coincu.com/dogeball-vs-digitap-vs-blazpay-why-dogeball-is-the-best-crypto-presale-this-weekend-for-100x-growth/
393790,2026-02-08T15:29:18,publish,aster-breaks-out-bullish-pattern,https://coincu.com/aster-breaks-out-bullish-pattern/
393796,2026-02-08T17:31:17,publish,xlm-hits-target-zone-breakout-above,https://coincu.com/xlm-hits-target-zone-breakout-above/
393776,2026-02-08T18:00:00,publish,200x-roi-signal-blockdags-final-0-00025-entry-ends-ahead-of-mainnet-launch-on-feb-10,https://coincu.com/200x-roi-signal-blockdags-final-0-00025-entry-ends-ahead-of-mainnet-launch-on-feb-10/
393769,2026-02-08T19:00:00,publish,zkp-crypto-joins-takes-mutuum-finance-deepsnitch-ai-in-best-crypto-presales-of-2026,https://coincu.com/zkp-crypto-joins-takes-mutuum-finance-deepsnitch-ai-in-best-crypto-presales-of-2026/
393802,2026-02-08T19:03:33,publish,ada-eyes-recovery-in-descending-channel,https://coincu.com/ada-eyes-recovery-in-descending-channel/
393811,2026-02-09T02:42:03,publish,ai-com-debuts-in-beta-amid-70m-domain-bet-by-kris-marszalek,https://coincu.com/ai-com-debuts-in-beta-amid-70m-domain-bet-by-kris-marszalek/
393815,2026-02-09T03:14:59,publish,us-iran-nuclear-talks-steady-as-uranium-dispute-flares,https://coincu.com/us-iran-nuclear-talks-steady-as-uranium-dispute-flares/
393823,2026-02-09T04:42:02,publish,bitcoin-edges-lower-as-bot-unwind-signals-surface,https://coincu.com/bitcoin-edges-lower-as-bot-unwind-signals-surface/
393817,2026-02-09T04:50:56,publish,block-to-cut-hundreds-of-jobs-during-annual-performance-reviews,https://coincu.com/block-to-cut-hundreds-of-jobs-during-annual-performance-reviews/
393830,2026-02-09T05:03:36,publish,eth-eye-2200-liquidity-zone-potential-run,https://coincu.com/eth-eye-2200-liquidity-zone-potential-run/
393808,2026-02-09T05:07:44,publish,investing-yachts-launches-rwa-yacht-charter-model,https://coincu.com/investing-yachts-launches-rwa-yacht-charter-model/
393837,2026-02-09T05:14:38,publish,federal-reserve-faces-test-as-warsh-hearing-meets-doj-probe,https://coincu.com/federal-reserve-faces-test-as-warsh-hearing-meets-doj-probe/
393840,2026-02-09T05:45:57,publish,bitcoin-holds-as-s-korea-probes-bithumb-620000-btc-error,https://coincu.com/bitcoin-holds-as-s-korea-probes-bithumb-620000-btc-error/
393842,2026-02-09T06:29:55,publish,bitcoin-breaks-70000-bulls-eye-76000,https://coincu.com/bitcoin-breaks-70000-bulls-eye-76000/
393847,2026-02-09T06:42:21,publish,defi-tokens-face-scrutiny-after-hayes-on-chain-loss-claims,https://coincu.com/defi-tokens-face-scrutiny-after-hayes-on-chain-loss-claims/
393850,2026-02-09T07:17:08,publish,bitcoin-faces-etf-outflow-scrutiny-after-318m-ibit-tally,https://coincu.com/bitcoin-faces-etf-outflow-scrutiny-after-318m-ibit-tally/
393853,2026-02-09T07:47:51,publish,ardor-ardr-faces-binance-pair-review-amid-delisting-queries,https://coincu.com/ardor-ardr-faces-binance-pair-review-amid-delisting-queries/
393855,2026-02-09T08:30:49,publish,is-dogeball-the-best-crypto-coin-to-buy-right-now-over-cro-ton-and-shib-for-the-2026-bull-run,https://coincu.com/is-dogeball-the-best-crypto-coin-to-buy-right-now-over-cro-ton-and-shib-for-the-2026-bull-run/
393868,2026-02-09T09:58:29,publish,why-ethereums-eth-2016-level-supply,https://coincu.com/why-ethereums-eth-2016-level-supply/
393862,2026-02-09T11:00:00,publish,gitex-ai-asia-2026-returns-to-singapore-on-9-10-april,https://coincu.com/gitex-ai-asia-2026-returns-to-singapore-on-9-10-april/
393879,2026-02-09T11:26:32,publish,binance-buys-4225-btc-300m-safu,https://coincu.com/binance-buys-4225-btc-300m-safu/
393882,2026-02-09T12:22:01,publish,avax-bounce-corrective-drop-8-35-support,https://coincu.com/avax-bounce-corrective-drop-8-35-support/
393888,2026-02-09T12:28:28,publish,bitcoin-holds-as-fss-probes-bithumbs-620000-btc-error,https://coincu.com/bitcoin-holds-as-fss-probes-bithumbs-620000-btc-error/
393891,2026-02-09T12:56:34,publish,bitcoin-stays-in-focus-as-fsc-fss-probes-bithumb-glitch,https://coincu.com/bitcoin-stays-in-focus-as-fsc-fss-probes-bithumb-glitch/
393894,2026-02-09T13:16:25,publish,erebor-bank-secures-conditional-occ-nod-post-svb,https://coincu.com/erebor-bank-secures-conditional-occ-nod-post-svb/
393897,2026-02-09T13:41:31,publish,bitcoin-holds-as-payrolls-soften-fed-path-in-focus,https://coincu.com/bitcoin-holds-as-payrolls-soften-fed-path-in-focus/
393873,2026-02-09T13:50:53,publish,xrp-and-btc-fallen-sharply-while-kt-defi-users-can-earn-up-to-3000-per-day,https://coincu.com/xrp-and-btc-fallen-sharply-while-kt-defi-users-can-earn-up-to-3000-per-day/
393900,2026-02-09T14:10:23,publish,strategy-loads-up-btc-holdings-top-54b,https://coincu.com/strategy-loads-up-btc-holdings-top-54b/
393906,2026-02-09T14:12:05,publish,bitcoin-steadies-as-fair-value-losses-spotlight-mstr-bmnr,https://coincu.com/bitcoin-steadies-as-fair-value-losses-spotlight-mstr-bmnr/
393908,2026-02-09T14:28:26,publish,bitmine-adds-40k-eth,https://coincu.com/bitmine-adds-40k-eth/
393912,2026-02-09T14:42:38,publish,backpack-token-sets-25-tge-unlock-24-to-points-holders,https://coincu.com/backpack-token-sets-25-tge-unlock-24-to-points-holders/
393915,2026-02-09T15:14:04,publish,tempo-faces-scrutiny-as-varun-srinivasan-link-unverified,https://coincu.com/tempo-faces-scrutiny-as-varun-srinivasan-link-unverified/
393918,2026-02-09T15:43:03,publish,bitcoin-pivots-as-institutions-favor-revenue-tokenization,https://coincu.com/bitcoin-pivots-as-institutions-favor-revenue-tokenization/
393922,2026-02-09T16:17:53,publish,cardano-futures-list-on-cme-as-link-xlm-added,https://coincu.com/cardano-futures-list-on-cme-as-link-xlm-added/
393925,2026-02-09T16:42:16,publish,hyperliquid-open-interest-dips-below-5b-amid-liquidations,https://coincu.com/hyperliquid-open-interest-dips-below-5b-amid-liquidations/
393928,2026-02-09T17:12:38,publish,polymarket-to-grant-jump-trading-equity-for-market-making,https://coincu.com/polymarket-to-grant-jump-trading-equity-for-market-making/
393931,2026-02-09T17:45:13,publish,story-protocol-ip-delays-unlock-to-aug-2026-amid-ai-shift,https://coincu.com/story-protocol-ip-delays-unlock-to-aug-2026-amid-ai-shift/
393934,2026-02-09T19:12:23,publish,usdc-issuance-expands-on-solana-as-treasury-mints-250m,https://coincu.com/usdc-issuance-expands-on-solana-as-treasury-mints-250m/
393937,2026-02-09T19:42:25,publish,bitcoin-sees-miner-outflows-as-cango-sells-4451-btc,https://coincu.com/bitcoin-sees-miner-outflows-as-cango-sells-4451-btc/
393940,2026-02-09T20:13:47,publish,bitcoin-sees-strategy-add-1142-btc-via-atm,https://coincu.com/bitcoin-sees-strategy-add-1142-btc-via-atm/
393943,2026-02-09T20:44:32,publish,ether-supply-tightens-as-bitmine-adds-40613-eth-this-week,https://coincu.com/ether-supply-tightens-as-bitmine-adds-40613-eth-this-week/
393946,2026-02-09T21:11:05,publish,polymarket-draws-scrutiny-after-super-bowl-1-8m-claim,https://coincu.com/polymarket-draws-scrutiny-after-super-bowl-1-8m-claim/
393949,2026-02-09T21:43:05,publish,toncoin-extends-reach-as-ton-pay-enables-mini-apps-checkout,https://coincu.com/toncoin-extends-reach-as-ton-pay-enables-mini-apps-checkout/
393952,2026-02-09T22:13:30,publish,bitcoin-draws-focus-after-2-565-btc-sent-to-genesis,https://coincu.com/bitcoin-draws-focus-after-2-565-btc-sent-to-genesis/
393955,2026-02-09T22:45:17,publish,solana-launchpad-metadao-falters-hurupay-ico-misses-3m-min,https://coincu.com/solana-launchpad-metadao-falters-hurupay-ico-misses-3m-min/
393958,2026-02-09T23:14:48,publish,tether-expands-investments-hiring-after-sp-downgrade,https://coincu.com/tether-expands-investments-hiring-after-sp-downgrade/
393961,2026-02-09T23:44:21,publish,bitcoin-ether-exposure-widens-as-bitwise-etps-list-in-italy,https://coincu.com/bitcoin-ether-exposure-widens-as-bitwise-etps-list-in-italy/
393964,2026-02-10T00:18:39,publish,bitcoin-holds-as-trump-touts-15-growth-warsh-pick,https://coincu.com/bitcoin-holds-as-trump-touts-15-growth-warsh-pick/
393967,2026-02-10T00:47:19,publish,bitcoin-holds-as-warsh-eyed-for-fed-chair-15-goal,https://coincu.com/bitcoin-holds-as-warsh-eyed-for-fed-chair-15-goal/
393970,2026-02-10T01:47:48,publish,tokenized-securities-gain-clarity-as-sec-signals-rulemaking,https://coincu.com/tokenized-securities-gain-clarity-as-sec-signals-rulemaking/
393973,2026-02-10T02:17:38,publish,stablecoins-see-yield-limits-debated-in-white-house-talks,https://coincu.com/stablecoins-see-yield-limits-debated-in-white-house-talks/
393976,2026-02-10T02:41:56,publish,rvv-token-steady-as-on-chain-data-disputes-5-354b-claim,https://coincu.com/rvv-token-steady-as-on-chain-data-disputes-5-354b-claim/
393979,2026-02-10T03:14:51,publish,bitcoin-holds-range-as-coinbase-challenges-clarity-act,https://coincu.com/bitcoin-holds-range-as-coinbase-challenges-clarity-act/
393982,2026-02-10T03:44:49,publish,tokenized-u-s-treasuries-top-10b-on-inflows-to-buidl-usyc,https://coincu.com/tokenized-u-s-treasuries-top-10b-on-inflows-to-buidl-usyc/
393985,2026-02-10T04:14:28,publish,crypto-access-tightens-as-victory-securities-blocks-cn-ips,https://coincu.com/crypto-access-tightens-as-victory-securities-blocks-cn-ips/
393990,2026-02-10T04:43:45,publish,chainlink-steadies-as-rwa-tokenization-gains-under-fsb-fsoc,https://coincu.com/chainlink-steadies-as-rwa-tokenization-gains-under-fsb-fsoc/
393987,2026-02-10T06:09:00,publish,backpack-exchange-raises-at-1b-valuation-enters-crypto-unicorn-club,https://coincu.com/backpack-exchange-raises-at-1b-valuation-enters-crypto-unicorn-club/
393992,2026-02-10T06:33:34,publish,solana-breaks-below-head-and-shoulders,https://coincu.com/solana-breaks-below-head-and-shoulders/
394001,2026-02-10T07:37:41,publish,cango-inc-releases-2025-letter-to-shareholders,https://coincu.com/cango-inc-releases-2025-letter-to-shareholders/
394004,2026-02-10T07:38:41,publish,xmoney-expands-dominos-partnership-to-greece-powering-faster-checkout-experiences,https://coincu.com/xmoney-expands-dominos-partnership-to-greece-powering-faster-checkout-experiences/
394009,2026-02-10T07:41:44,publish,crypto-faces-nist-led-pqc-shift-as-ai-scales,https://coincu.com/crypto-faces-nist-led-pqc-shift-as-ai-scales/
394011,2026-02-10T08:12:33,publish,soil-introduces-single-asset-vault-on-xrpl-to-streamline-institutional-lending,https://coincu.com/soil-introduces-single-asset-vault-on-xrpl-to-streamline-institutional-lending/
394015,2026-02-10T08:18:43,publish,cbdcs-face-scrutiny-as-ray-dalio-warns-on-privacy,https://coincu.com/cbdcs-face-scrutiny-as-ray-dalio-warns-on-privacy/
394018,2026-02-10T08:44:38,publish,ether-draws-focus-as-whale-builds-95000-eth-longs,https://coincu.com/ether-draws-focus-as-whale-builds-95000-eth-longs/
394030,2026-02-10T09:18:08,publish,ethereum-sees-positioning-risk-as-hyperliquid-short-probed,https://coincu.com/ethereum-sees-positioning-risk-as-hyperliquid-short-probed/
394037,2026-02-10T09:43:11,publish,dhs-funding-faces-lapse-as-feb-13-deadline-nears,https://coincu.com/dhs-funding-faces-lapse-as-feb-13-deadline-nears/
394034,2026-02-10T09:44:06,publish,polymarket-sues-to-stop-massachusetts,https://coincu.com/polymarket-sues-to-stop-massachusetts/
393996,2026-02-10T09:45:58,publish,top-crypto-presale-picks-for-2026-use-code-db75-for-75-dogeball-bonus-vs-remittix-subbd-and-pudgy-pandas,https://coincu.com/top-crypto-presale-picks-for-2026-use-code-db75-for-75-dogeball-bonus-vs-remittix-subbd-and-pudgy-pandas/
394043,2026-02-10T10:16:17,publish,bitcoin-steadies-as-etf-outflows-flag-u-s-selling-pressure,https://coincu.com/bitcoin-steadies-as-etf-outflows-flag-u-s-selling-pressure/
394046,2026-02-10T10:41:15,publish,bankr-targets-llm-token-issuance-as-launch-nears,https://coincu.com/bankr-targets-llm-token-issuance-as-launch-nears/
394048,2026-02-10T10:51:52,publish,aster-breaks-5-month-slump-targets-0-6846-after-retest,https://coincu.com/aster-breaks-5-month-slump-targets-0-6846-after-retest/
394054,2026-02-10T11:17:07,publish,gomining-simple-earn-enables-autonomous-bitcoin-yield-accrual-via-single-toggle-integration,https://coincu.com/gomining-simple-earn-enables-autonomous-bitcoin-yield-accrual-via-single-toggle-integration/
394058,2026-02-10T11:44:41,publish,renminbi-steadies-as-pboc-signals-prudent-easing-rrr-cuts,https://coincu.com/renminbi-steadies-as-pboc-signals-prudent-easing-rrr-cuts/
394061,2026-02-10T12:13:16,publish,solana-sees-scrutiny-as-1-5b-loss-claim-clarified,https://coincu.com/solana-sees-scrutiny-as-1-5b-loss-claim-clarified/
394064,2026-02-10T12:43:51,publish,scenario-reproduction-delay-2-prompts-fixes-amid-lp-mix-ups,https://coincu.com/scenario-reproduction-delay-2-prompts-fixes-amid-lp-mix-ups/
394067,2026-02-10T13:44:04,publish,us-retail-sales-stall-as-markets-reassess-fed-cut-path,https://coincu.com/us-retail-sales-stall-as-markets-reassess-fed-cut-path/
394070,2026-02-10T14:13:04,publish,usdt0-routes-liquidity-as-layerzero-oft-links-chains,https://coincu.com/usdt0-routes-liquidity-as-layerzero-oft-links-chains/
394073,2026-02-10T14:47:19,publish,a7a5-stablecoin-faces-eu-curbs-as-russia-crypto-ban-looms,https://coincu.com/a7a5-stablecoin-faces-eu-curbs-as-russia-crypto-ban-looms/
394076,2026-02-10T15:16:07,publish,dxy-faces-10-downside-risk-on-deeper-2026-fed-cuts,https://coincu.com/dxy-faces-10-downside-risk-on-deeper-2026-fed-cuts/
394079,2026-02-10T15:41:40,publish,bitcoin-futures-launch-on-ibkr-via-coinbase-nano-contracts,https://coincu.com/bitcoin-futures-launch-on-ibkr-via-coinbase-nano-contracts/
